chr	position	strand	cluster_id	barcode	depth_barcode	depth_total	fract_barcode	n_mappings
chr1	7844866	+	1	GGAAGAACCTTT	51	59	0.9622641509433962	3
chr1	8031568	-	1	CATAAGGGTGGT	38	38	0.8636363636363636	7
chr1	8640959	+	1	TTAGTTTTTGAA	54	58	0.8571428571428571	10
chr1	8643561	-	1	GGCAGACGAGTC	258	316	0.9381818181818182	18
chr1	8877559	+	2	ATGTCTGATGTA	30	33	0.8823529411764706	5
chr1	12906553	+	1	GTGGTCAGGTAG	14	14	0.6666666666666666	4
chr1	13715020	-	1	TAGATTGAGTGG	49	55	0.8596491228070176	9
chr1	15127867	-	1	TCAACCCCAGAT	5	5	0.5555555555555556	5
chr1	19118234	+	1	GACTGTGCTCGT	49	55	0.875	8
chr1	19661955	+	1	CTTATTTGTAAA	6	6	0.8571428571428571	2
chr1	21010865	+	2	AATTTTAGCTCA	42	48	0.8571428571428571	6
chr1	21720318	-	1	GGCTCGTGCTGA	126	142	0.8513513513513513	15
chr1	23150932	+	1	TTCAAGTACCGG	60	67	0.821917808219178	14
chr1	24295742	+	1	GGGCAAAGGGTT	19	22	0.8636363636363636	4
chr1	24543684	+	2	ATGTCCGGTGCC	52	57	0.9285714285714286	4
chr1	28061982	+	2	CTGCGGTTCGTC	109	117	0.8861788617886179	12
chr1	36384973	-	1	TGCGCAAGCCAA	1	1	1	1
chr1	42325178	-	1	GGCCGAGGAGCA	157	175	0.9631901840490797	7
chr1	45853756	-	1	TGCAGCGTGCTG	74	83	0.8131868131868132	17
chr1	46144467	+	1	GCCGGCCATCAT	27	29	0.9642857142857143	2
chr1	48596542	+	1	GTTGTATTGGAC	3	3	0.6	3
chr1	50105662	+	1	CAAGGGGTATGC	104	112	0.9629629629629629	5
chr1	50979980	+	1	ACGTCATTATAG	17	17	0.9444444444444444	2
chr1	52944958	-	1	TATTGGATATAT	105	118	0.8333333333333334	22
chr1	54073983	-	1	TATATTAATGAT	65	74	0.9154929577464789	7
chr1	59281185	+	2	TTCATATGCCTG	292	336	0.9389067524115756	20
chr1	59408378	-	1	AGACGTATTACC	14	14	0.875	3
chr1	60311624	-	1	GAAAAAAAATTA	3	3	1	1
chr1	60748004	+	1	ACTGACCTAGCT	24	26	0.9230769230769231	3
chr1	61077709	+	1	TCACCTTATCCA	147	168	0.9483870967741935	8
chr1	62441589	-	1	GAGTACCCGGGG	59	62	0.9672131147540983	3
chr1	62885015	+	1	GGCTTTAGGTGG	54	59	0.9310344827586207	5
chr1	63446523	+	1	CGGAGACTGTGT	2	2	1	1
chr1	64778884	-	1	CTTTGGAGTCGG	3	3	1	1
chr1	65236048	+	1	ATTGGCGATTCC	10	11	1	1
chr1	65942489	+	1	GCAGGACAGACA	21	26	0.84	5
chr1	66859975	-	1	CTGACTATACTT	15	15	1	1
chr1	68053490	+	1	CAGGAGGTAAGG	25	29	1	1
chr1	68319462	-	1	CATGGGGAATCG	69	78	0.92	7
chr1	69952486	+	1	TAGTCACACCGT	80	94	0.963855421686747	4
chr1	75596092	+	1	GCCCATAACTTT	10	11	0.5882352941176471	6
chr1	77412607	+	1	AAATTAGTCTTA	17	19	1	1
chr1	77590843	-	1	CAACATGCTGGA	1	1	1	1
chr1	77642082	-	1	GGGAAGTCAAAT	8	8	0.8888888888888888	2
chr1	77943958	+	1	CGGCCAAACTTG	48	57	0.96	3
chr1	81505894	+	1	GATGGGTAAGGT	6	6	0.75	3
chr1	83494498	-	1	TTAATTATCTGG	149	162	0.9030303030303031	15
chr1	84655905	+	1	CTAAGGTGCGGG	83	90	0.9325842696629213	7
chr1	84705400	-	1	TACACTTTCGGT	133	150	0.95	8
chr1	84721152	+	1	TGATTTTGAAGG	134	148	0.9640287769784173	6
chr1	85265959	-	1	CGGTACACTCGT	133	143	0.9432624113475178	9
chr1	85577417	-	1	CCTTCAAGAGTG	49	53	0.875	8
chr1	85708842	-	1	AATGGACAATGT	10	11	1	1
chr1	86226960	+	2	GCGGTGTGCGAT	23	26	0.9583333333333334	2
chr1	96034885	-	1	GTGGCTGAGTTC	47	49	0.9215686274509803	5
chr1	96637233	-	1	TTGTGCTTAGGA	33	41	0.8918918918918919	5
chr1	99980416	+	1	TCTCAACAGGTT	99	113	0.9339622641509434	8
chr1	100478197	+	1	TGGGGCCTGACA	10	11	0.9090909090909091	2
chr1	100746133	+	2	CGGAGTTCGCAG	269	303	0.893687707641196	32
chr1	111685412	-	1	GTTCTCTAGCTA	61	70	0.9104477611940298	7
chr1	111756434	-	1	ATCCTGATGAGG	5	6	1	1
chr1	113835976	+	4	CGTATAGCTGCT	82	88	0.8913043478260869	11
chr1	113976201	+	1	CGGTTCGAATGT	22	22	0.9166666666666666	3
chr1	114839106	-	1	TTGCAGGAGAAA	113	123	0.8968253968253969	14
chr1	117897689	-	1	CCTGGCCAGTTG	110	118	0.8943089430894309	14
chr1	144559949	-	2	GCGTGGATTTTG	31	34	0.5961538461538461	11
chr1	147542777	-	1	TGCAATGGTGGT	114	127	0.9047619047619048	13
chr1	148120865	-	1	AACGGCTCTACA	7	7	0.6363636363636364	5
chr1	153638723	+	1	ATCAGACGGACC	9	10	0.9	2
chr1	155486721	-	1	CCGGTCTACTAA	63	78	0.875	7
chr1	159095752	-	1	ACGAGAGAAGGA	61	67	0.8970588235294118	8
chr1	160535619	-	1	GTCCTCGCATTA	179	200	0.540785498489426	31
chr1	162735424	+	1	TAAAGGTATTAG	146	155	0.9182389937106918	14
chr1	163263937	+	1	TGTCCAGCTGTA	88	100	0.8543689320388349	15
chr1	164316696	-	1	AGTAAAAGTTAA	2	2	1	1
chr1	167139377	-	1	GTTTTTATCGTG	139	157	0.8910256410256411	18
chr1	171743239	-	1	TGAAGCTTTTAC	21	23	0.9545454545454546	2
chr1	174547066	-	1	AGGGGAAGTCTA	113	137	0.904	13
chr1	179035237	+	1	CAAGTCTCATAA	1	1	1	1
chr1	179035294	+	2	ATACATCGCCTG	67	80	0.9054054054054054	8
chr1	179191788	-	1	TCAATCGTCTTT	260	283	0.9386281588447654	18
chr1	183501636	+	2	AATTCCTCTTAC	40	44	0.7272727272727273	16
chr1	183637041	-	1	GGTCGGAACGTT	90	111	0.9473684210526315	6
chr1	184024969	-	1	ATGCGAGGCCAC	86	93	0.8865979381443299	12
chr1	190172450	+	1	ACATAGGGGTTT	171	192	0.890625	22
chr1	191483999	-	1	GGCCTTCCCGTG	44	45	0.8148148148148148	7
chr1	192367944	-	1	CTAGCGTAGCAA	3	3	1	1
chr1	192950717	-	2	CCCTCACGTACT	130	154	0.9219858156028369	12
chr1	193349104	-	1	CTCTTGTATACT	24	28	0.8888888888888888	4
chr1	197251263	-	1	TTCTCGCACTGG	13	16	0.8666666666666667	3
chr1	197521382	+	1	GCAAAAAGCATG	52	55	0.9454545454545454	4
chr1	198128151	+	1	TGGTTTCAATGA	63	66	0.9692307692307692	3
chr1	202459663	+	1	AATCTTGTAAAG	80	85	0.9411764705882353	6
chr1	204058473	-	2	CAGCACTACAGT	57	62	0.6951219512195121	23
chr1	205998980	+	2	TTTTACTGCTTG	23	27	0.8846153846153846	4
chr1	208478231	-	1	CTGCTGACGACA	21	24	1	1
chr1	209394800	-	2	GTTCGAGCCGGG	93	111	0.8942307692307693	12
chr1	209791270	+	1	CCCGGCCAGGTT	14	17	1	1
chr1	209948013	-	3	ATTGAAAAGTAT	1011	1165	0.9300827966881324	72
chr1	211781493	+	1	GCTACTTCCCCC	120	135	0.916030534351145	12
chr1	214956447	-	1	TCTTACCTTCAA	50	59	0.9259259259259259	5
chr1	219974678	+	1	TGCCACGACCTG	22	25	0.7857142857142857	7
chr1	220149164	+	1	GACGGTCTTAGT	29	35	0.9666666666666667	2
chr1	226220177	-	1	GCATATGTCGGA	1	1	1	1
chr1	226972139	-	1	CTAACAGCGTCT	11	12	0.9166666666666666	2
chr1	228664963	-	2	GCAGATCGCGGA	31	35	0.8611111111111112	6
chr1	230203011	-	1	GCTGTTTAAAAT	206	222	0.9493087557603687	12
chr1	232309216	+	1	CGACTGCAATTC	69	77	0.9324324324324325	6
chr1	233253794	-	1	AGTAATGGAGTT	8	8	1	1
chr1	235821861	+	1	ATATAACCATCG	74	78	0.8314606741573034	16
chr1	236511810	-	1	CTCCTAGGTTAC	121	133	0.8897058823529411	13
chr1	237206563	+	1	AGGAAGTGGTAC	56	62	0.8484848484848485	11
chr1	237378145	-	1	GGCTACTAGAGC	12	14	0.9230769230769231	2
chr1	238869515	+	1	CGACTGGACGAA	184	205	0.9787234042553191	5
chr1	239015473	+	1	TTTCCTGTGGTT	22	24	0.9565217391304348	2
chr1	239035174	+	2	GTATGCGTAGGA	35	39	0.8974358974358975	5
chr1	239854900	+	2	TAGCCACGTCGG	44	54	0.44	13
chr1	241474640	+	1	CCGGTGGCCATA	56	62	0.9491525423728814	4
chr1	242227084	-	1	TTCCTGCAACTC	6	6	0.6	5
chr1	242572098	-	1	CTTAAGATTCGA	85	103	0.9139784946236559	9
chr1	243610929	-	2	TACCCTGCCAGG	48	55	0.8275862068965517	11
chr1	244862832	+	1	TATTAGTGGGAG	134	152	0.9241379310344827	12
chr1	245985506	+	1	GATAGTAGTTTA	31	35	1	1
chr1	247647976	+	2	GTGGGTGTCATA	53	59	0.8983050847457628	7
chr10	159578	-	1	CAGACTTAATCC	34	41	0.9714285714285714	2
chr10	4951781	-	1	GTTGCGATACTA	67	77	0.7282608695652174	7
chr10	6589379	+	1	CTCCATTCCCTA	27	29	0.8709677419354839	5
chr10	6995862	-	1	TGTCATTGGCTC	32	35	0.9142857142857143	4
chr10	7410174	-	1	GATCGTGTCAGT	1	1	0.5	2
chr10	7901764	+	2	GTCAAGATTGTG	78	88	0.896551724137931	9
chr10	9709765	-	1	TGTGCGGATATG	57	64	1	1
chr10	14764192	+	2	CGGAGGCAAGTG	93	103	0.9207920792079208	9
chr10	15346736	+	1	CCCCTTCAAGGA	50	58	0.9090909090909091	6
chr10	15658134	-	1	TAGTTGATCCTT	44	48	0.9361702127659575	4
chr10	17371785	+	2	AGGGGTACAATG	83	87	0.9222222222222223	8
chr10	17729719	+	1	TAGATTGGTCTG	148	158	0.4713375796178344	8
chr10	23989766	-	1	TATTTGCATGAC	53	66	0.8688524590163934	8
chr10	27557175	+	2	GTCGGTACTTAG	100	110	0.9433962264150944	6
chr10	27878493	-	1	GTCCAATTGGAG	95	103	0.9047619047619048	11
chr10	30842955	-	1	TAATTGTCATGT	36	40	0.8780487804878049	6
chr10	32956278	-	1	ACGCGGGCGTTG	3	3	1	1
chr10	33236372	-	1	CATATTGCAGTG	52	53	0.8813559322033898	8
chr10	33271502	-	1	TTACGAAAGTTA	9	10	0.9	2
chr10	33463054	-	1	CTATACAAGTTG	10	11	0.9090909090909091	2
chr10	35635451	+	1	ATTGCTCCATAT	62	66	0.9538461538461539	4
chr10	45107503	-	1	CCCCATTGGAAT	42	49	0.8936170212765957	6
chr10	46446286	-	1	CCCATTTAGATC	21	24	0.4666666666666667	9
chr10	49522398	+	1	GTAATTAGCATT	23	24	0.8846153846153846	4
chr10	50462489	+	2	GTAGCTGGGGTC	52	61	0.8666666666666667	9
chr10	50578367	+	2	TTATGTTTCTAC	35	42	0.875	6
chr10	52040096	-	1	GGTGTTCGGCTG	125	136	0.9124087591240876	13
chr10	52452481	-	1	AACACACGCAGT	39	46	0.975	2
chr10	53131857	+	2	TACGAGGCTATG	951	1058	0.9625506072874493	38
chr10	57690783	-	1	CGTGTTGCCGTA	96	102	0.9504950495049505	5
chr10	57848179	+	1	TTGCCCGGTGGG	41	47	0.9318181818181818	4
chr10	57895390	-	1	CACGCGCATAAA	33	37	0.8918918918918919	5
chr10	59719504	-	1	TGCATTCAGGGT	251	280	0.9728682170542635	8
chr10	59951047	+	1	GATTTTTAAGGG	24	26	0.9230769230769231	3
chr10	60511903	-	1	GTCGTTAAATGA	169	182	0.9548022598870056	9
chr10	60649351	+	2	ACACACTTGAAG	61	70	0.9242424242424242	6
chr10	61622481	+	1	CGACTCGTCACG	98	122	0.98	3
chr10	61975233	+	1	ACTTGGTGTCCC	157	174	0.9691358024691358	6
chr10	62030674	+	2	GCGTCGTATCGT	113	130	0.9495798319327731	5
chr10	62035131	-	2	TACTCATTGCCC	78	94	0.8666666666666667	13
chr10	62041591	+	1	GAAGGTCCGATG	28	31	0.9333333333333333	3
chr10	62193813	+	1	GGGCTTGGTGTA	117	129	0.9140625	12
chr10	67519496	+	1	TCAATATTTTGA	56	69	0.9032258064516129	7
chr10	67526163	+	1	CTGTCGGTTGTT	24	27	0.96	2
chr10	69179721	+	4	CTGAACATCAGC	43	48	0.8269230769230769	9
chr10	70658078	+	1	GGATGGGCCGTA	19	21	0.9047619047619048	3
chr10	72475791	-	1	CCAAATCTTGAG	166	188	0.8691099476439791	21
chr10	73072645	+	1	GTCAGTGGGTCC	41	47	0.9111111111111111	5
chr10	73408802	-	1	CGTGGGTCGTAG	214	235	0.9683257918552036	7
chr10	88386042	+	1	TTTCCTATATTC	96	108	0.5680473372781065	16
chr10	88493195	-	1	TGGTACAGAGCG	4	4	0.8	2
chr10	93024836	-	1	TCATCTTTAGTA	255	270	0.5641592920353983	11
chr10	93394973	-	1	GGTGCATGGCTG	75	83	0.8522727272727273	14
chr10	94442683	+	1	AAATCGCCGCTG	65	69	0.9420289855072463	5
chr10	94451963	+	1	TTCCCGCTAGTG	5	5	1	1
chr10	94549027	+	2	TGTGGAGTGGTC	24	28	0.8	7
chr10	96309869	+	2	GTGTCGGGACGG	129	157	0.9020979020979021	15
chr10	96634767	+	1	GTGAAAACCATT	100	113	0.9345794392523364	8
chr10	98237171	+	1	TATGAACTGGCA	13	14	0.8666666666666667	3
chr10	98404084	-	1	CTGATAACGCTT	74	80	0.9367088607594937	6
chr10	98571211	+	1	TCTCTTCCGGTA	61	65	0.8970588235294118	8
chr10	99431301	+	1	TAGCGAGTTTTC	55	55	0.41353383458646614	21
chr10	99887770	+	2	TCAATGATAATT	44	53	0.5116279069767442	9
chr10	102718154	+	2	TTTTGCTGTTAC	42	45	0.8936170212765957	6
chr10	107800535	+	1	CATGAGGAGAAC	61	69	0.9384615384615385	5
chr10	109633724	+	1	GATTCTGCCAAC	59	67	0.8428571428571429	12
chr10	109851871	+	1	ACGGGGGCCTTC	15	16	0.8823529411764706	3
chr10	110077033	+	2	GCACTTAATCGA	55	58	0.9482758620689655	4
chr10	110583300	-	1	ATGTTTAATCTT	57	60	0.9344262295081968	4
chr10	112660801	+	2	CATTGTTCGTTC	54	57	0.7941176470588235	15
chr10	114947602	+	1	AACGAGCGTCCT	176	198	0.9214659685863874	16
chr10	115099615	-	1	TCATTACGTGGT	136	154	0.918918918918919	13
chr10	116715654	+	1	CGTAACCGTTCG	28	31	0.875	5
chr10	119031602	+	1	ATGTTATCGTGA	7	7	1	1
chr10	121704854	-	1	TACAGAATTTTT	42	47	0.84	8
chr10	125737809	+	1	GCGGGAAAGTGG	82	91	0.9213483146067416	8
chr10	129116388	-	1	TTACTTCTAATA	9	11	1	1
chr10	130238037	-	1	TGGCCTCATTAT	34	40	1	1
chr10	131974379	-	1	TCAATTTTAGCT	44	48	0.9361702127659575	4
chr11	3478202	-	1	ACGTATGGGGAG	47	52	0.94	4
chr11	3747816	+	1	TGGCAGGTAATA	58	64	0.9666666666666667	3
chr11	4279722	-	1	GTCTCTCTTCGT	14	15	0.7777777777777778	5
chr11	4673582	+	1	GTAGAACCATTC	131	155	0.916083916083916	13
chr11	6690889	-	1	CCTTATGGTTGT	42	44	0.9545454545454546	3
chr11	7593914	-	1	TTTCTCGATGCG	105	118	0.860655737704918	18
chr11	9592599	-	1	TGTATTGTAGTG	69	77	0.8518518518518519	13
chr11	10433019	+	1	GATAATTACAAG	179	194	0.9521276595744681	10
chr11	10908424	+	1	GTTTGGGTATTT	101	108	0.926605504587156	9
chr11	11876600	-	1	AGGTGCCAAGGA	2	2	1	1
chr11	12753794	-	1	CATGCGGATGTT	52	54	0.9122807017543859	6
chr11	13232551	-	1	GTGCTGGTCAAA	36	43	0.972972972972973	2
chr11	14761137	-	1	ATATCGGTAATC	128	136	0.9343065693430657	9
chr11	16474309	+	1	GGCTATGACAGG	1	1	1	1
chr11	18343298	-	1	GACCTAATAGCA	12	13	0.8571428571428571	3
chr11	18395181	-	1	GGTATGCTTCCG	49	54	0.9423076923076923	4
chr11	18718301	-	1	CAGAGGCACGCT	7	8	1	1
chr11	20143172	-	1	TCGGTCGGGTGG	154	177	0.9506172839506173	9
chr11	20922727	-	1	TTTACCTGTGTT	27	28	1	1
chr11	21653042	+	1	TATTTTATACAA	159	179	0.8736263736263736	24
chr11	23729357	-	1	ACACGATATGGC	20	21	0.9523809523809523	2
chr11	23968590	-	1	TATCAGACAAAA	123	129	0.8367346938775511	24
chr11	24151539	+	1	AAACTTTCATAA	39	47	0.9069767441860465	5
chr11	24519973	-	1	GTGATTTGCCGC	258	295	0.9591078066914498	12
chr11	25057566	-	1	CACAAGGGCGTG	24	25	0.8275862068965517	6
chr11	25776832	+	1	GCCATCTGGGTG	63	70	0.984375	2
chr11	27499369	+	1	GTGTTAGTAAAG	99	105	0.9166666666666666	10
chr11	27505538	+	3	TTTACTGATCCC	43	50	0.8269230769230769	8
chr11	27539050	-	1	TTAATAGGGTTG	10	10	0.9090909090909091	2
chr11	37171545	-	1	TATGTTCTATCA	151	161	0.9096385542168675	16
chr11	37944628	+	3	ATCGGACTTTGA	105	117	0.9292035398230089	9
chr11	38680065	+	1	CGCCAGCTGTAC	103	112	0.911504424778761	9
chr11	40477238	+	2	TTGACAGTTAGA	33	36	0.825	6
chr11	46821317	+	1	CAGATAAGAAAG	27	30	0.9642857142857143	2
chr11	57618121	-	1	TTTTGTGTTTAC	43	46	0.8958333333333334	6
chr11	60759381	+	1	ATGCACACGTGA	55	56	0.8870967741935484	7
chr11	61422129	+	1	TGTGTGTGGCAA	25	29	0.8620689655172413	5
chr11	63148236	+	1	ACTGTAAGGGTA	99	113	0.9519230769230769	6
chr11	63524306	+	2	TGGCCCAAGTCT	63	77	0.8873239436619719	8
chr11	66115532	+	1	CTGTGTTGCTGG	53	60	0.8548387096774194	10
chr11	68517306	+	1	CTTTTTTGGAGT	104	127	0.6341463414634146	10
chr11	70071437	-	1	GCATCAGTGGGC	15	17	0.8823529411764706	3
chr11	72218034	+	1	AAAGTGTTTTAG	72	80	0.8780487804878049	11
chr11	72491451	-	1	CGTGTGGATCAA	47	50	1	1
chr11	73141997	+	1	TGCAGCTCTCGC	21	23	0.84	5
chr11	78532225	-	1	CATCGTCCCGTA	2	2	1	1
chr11	79062567	-	1	CGTAAGATGTGT	12	14	0.8	4
chr11	79708245	+	1	TTACCACGGGTT	274	319	0.9856115107913669	5
chr11	81182430	+	1	CTACGTCATTTT	88	101	0.946236559139785	6
chr11	82334745	+	1	TATGTACTTGTG	276	313	0.6188340807174888	38
chr11	84023923	+	1	TCATTTGTCTTA	12	13	0.9230769230769231	2
chr11	90596223	-	2	CAATGAGGTTTT	197	211	0.8277310924369747	25
chr11	92426621	-	1	GCCGTGTCATTC	5	6	0.7142857142857143	3
chr11	95104827	+	1	CTGGGTTAGCTG	36	43	0.9	5
chr11	95339182	+	1	GGGCGTAAATAC	22	26	0.88	4
chr11	95905624	-	1	ACGCCGACATGG	55	60	0.9482758620689655	4
chr11	97517451	-	1	GTCGTGTGTCCA	15	17	0.6818181818181818	8
chr11	97910554	-	2	TTATTTGATTGC	309	338	0.9196428571428571	28
chr11	99367128	+	1	CCATGATGCTTT	90	99	0.9090909090909091	9
chr11	102940072	-	1	GCTTGCACACAC	57	59	0.890625	6
chr11	105613389	+	1	CTTAGGTAAGTG	10	11	0.8333333333333334	3
chr11	107859289	+	1	ACTATAATTGTG	1	1	1	1
chr11	108645776	-	1	CCCTGTCGTTGA	89	98	0.9175257731958762	9
chr11	118704845	-	1	AATCTGGGTTCT	23	24	0.8846153846153846	4
chr11	130694671	-	2	TAGATACACAGT	325	371	0.9129213483146067	32
chr12	775173	-	1	TTTCGTTGAATG	106	116	0.828125	16
chr12	4082356	-	1	CAGAAGGAAGTG	86	91	0.9148936170212766	9
chr12	6954335	+	1	ATTCGTGGTACT	11	12	0.6470588235294118	7
chr12	8658471	+	4	TTTCCGCATACT	19	23	0.8260869565217391	5
chr12	9563306	-	1	GATAGCAAATAC	7	7	0.5	6
chr12	11017926	+	1	GTTACTATCTCT	5	6	0.625	4
chr12	11432003	+	1	GCGACTATCCTG	15	16	1	1
chr12	11609340	+	2	AAACAACATTTT	61	69	0.8970588235294118	8
chr12	12239163	-	1	CATGTCGGACAG	135	154	0.9310344827586207	11
chr12	16550483	-	1	AATGTATCGCCG	73	79	0.9240506329113924	7
chr12	17962260	+	1	GTTCAACTCATG	83	100	0.9325842696629213	6
chr12	18957714	+	1	GAACTCTGTCGC	2	2	1	1
chr12	25386226	+	1	CATGCGACGAAG	29	32	0.725	12
chr12	26690392	-	1	GGTTGGTAGGTC	64	71	0.927536231884058	6
chr12	27488620	-	1	ACCTCCCTCGTT	65	71	0.9027777777777778	8
chr12	27525486	-	1	GAGGGGTGTGCC	64	67	0.5981308411214953	17
chr12	28475238	+	1	ATACATCTTAAC	94	107	0.8468468468468469	16
chr12	29872264	-	1	CCTGTTTGTCTA	1	1	0.5	2
chr12	29940334	+	1	ACACCGGCTCTG	18	19	0.75	7
chr12	31444999	+	1	TGCAATTAATGT	75	83	0.9375	6
chr12	39661653	-	1	GCTTAAGGGAAA	71	80	0.8765432098765432	11
chr12	40804278	-	1	TATTTAGGCCAT	113	129	0.9576271186440678	6
chr12	44076127	-	1	CACTCACCACTT	192	206	0.964824120603015	8
chr12	45348832	+	1	GTCCGAGACTGA	48	59	0.9056603773584906	6
chr12	45977311	-	1	CAGACGCAACAT	70	74	0.9210526315789473	7
chr12	46910261	-	1	CGGTGTCGGACC	122	140	0.9606299212598425	6
chr12	48382889	-	1	GACAGAACAGAG	79	91	0.9080459770114943	9
chr12	48789652	-	1	TCGGTGGTTCCG	16	18	0.8888888888888888	3
chr12	50304374	-	1	GATATCGGGGTT	62	69	0.8051948051948052	16
chr12	51986765	+	4	CGATTAGTCCTA	63	76	0.863013698630137	10
chr12	54279247	-	1	CGATAATAGGTA	27	33	0.9310344827586207	3
chr12	54459384	+	3	GCTCGGTTACAC	116	129	0.9133858267716536	12
chr12	59992363	-	1	TGGTGCGCAAGC	13	15	0.9285714285714286	2
chr12	60044112	-	1	GCTACCGAGAGA	26	30	0.896551724137931	4
chr12	60217431	-	1	CGATCATCGGGT	66	80	0.9166666666666666	7
chr12	63325143	+	1	CGGGAACTGATC	31	35	0.9393939393939394	3
chr12	64692972	+	2	GAGAGTATACGT	14	16	0.4666666666666667	3
chr12	66506259	+	1	CGCATGTCTTTA	12	13	0.8	4
chr12	67352382	-	1	TATTCGCTTAAT	2	2	1	1
chr12	69097936	-	1	CCACCGTGTTTT	101	112	0.9017857142857143	12
chr12	69329974	-	1	TCCCACCTGTCC	13	15	0.52	2
chr12	72449733	-	1	TGATAGCACCAT	34	38	0.918918918918919	4
chr12	77694046	+	1	AAAGGGAGTTCG	192	218	0.96	8
chr12	77949727	-	1	CAGGACCTTTAT	139	150	0.9266666666666666	11
chr12	78026462	+	1	TTGATTTCGTTT	115	123	0.92	11
chr12	78705402	+	2	GGATCTCTATAT	244	303	0.9682539682539683	8
chr12	79435942	+	1	GCGTATATTCAG	129	141	0.9626865671641791	6
chr12	80913298	-	1	CCAAGGCCGCGT	33	35	0.9166666666666666	4
chr12	82156064	+	1	ATTGTAAGCGTA	86	92	0.6615384615384615	9
chr12	82695106	+	2	GATTGTACGATA	195	224	0.9375	13
chr12	86232673	-	1	TAAGGGACCAGA	99	109	0.9252336448598131	9
chr12	88665152	+	1	ACAACTCCGACG	817	899	0.9703087885985748	25
chr12	88723633	+	1	GGTGTGGTAGTG	96	103	0.8495575221238938	18
chr12	88746585	+	2	TGAAGCTCGAAA	91	104	0.900990099009901	11
chr12	89793110	+	1	TTAACTCAAGTG	36	40	0.972972972972973	2
chr12	91336131	+	1	TATCGGAATTCT	30	30	0.8108108108108109	8
chr12	93074647	+	1	CTTGGTCATGTG	24	24	0.9230769230769231	3
chr12	93826409	-	1	ACGAAGTGTTGA	1	1	1	1
chr12	95181156	-	1	GGTTGCAAAGGT	68	74	0.8	14
chr12	95288336	+	1	TAGTCAATTCAA	52	59	0.9454545454545454	4
chr12	100408973	-	1	ACCAATTTTTAA	47	50	0.8245614035087719	11
chr12	100538256	-	1	TTGTAGCCGGGG	13	14	0.9285714285714286	2
chr12	102163446	-	1	GCGTGTCGCCGT	54	59	0.9473684210526315	4
chr12	106128688	+	1	CGTTTCTCAGAT	25	27	0.9259259259259259	3
chr12	111550767	+	2	TATTCACCTGCC	28	34	0.875	5
chr12	113227554	+	1	CATGGTTCGTTT	5	5	0.8333333333333334	2
chr12	114257257	+	3	TAAACGAGTGCC	261	314	0.9	29
chr12	115544193	-	1	GTAAGTCCATGG	6	6	1	1
chr12	116264181	+	1	ACACCACAGTCA	1	1	1	1
chr12	116267121	-	1	GTTGTGCCGTGG	125	136	0.9191176470588235	12
chr12	122169301	-	1	CCGGGCGGTGAT	43	48	0.8113207547169812	11
chr12	123715438	-	2	ACTTCTAGGTAA	67	77	0.8271604938271605	15
chr12	126267029	-	1	TTACCTGCAACA	6	7	0.46153846153846156	8
chr12	130725866	+	2	GGGGCTTCAAAA	120	133	0.8391608391608392	21
chr12	131836543	+	2	TTCGGATCCTGT	49	57	0.9074074074074074	6
chr12	133093359	-	2	CAAGGAGTTTCA	100	113	0.9345794392523364	8
chr13	25632744	-	1	GCAAAATTTCTT	1	1	1	1
chr13	30594571	+	2	GGGCAGTCACAT	375	447	0.9282178217821783	29
chr13	30618902	+	1	CAGACAGTCCAA	11	12	0.8461538461538461	3
chr13	31765253	+	1	GTTGGGATTCTT	30	32	0.7317073170731707	8
chr13	31977849	-	1	GTCCAAAACTCG	150	183	0.974025974025974	5
chr13	33065635	+	1	GGCATCGGTCAA	22	24	0.9565217391304348	2
chr13	35092625	+	1	CCGACTCAGTAG	193	224	0.9507389162561576	11
chr13	35381559	-	1	AAACGCACGTAC	1	1	1	1
chr13	35858171	+	1	TGCCGTAAGGTC	9	9	1	1
chr13	36814734	+	1	AAGGTGTACCGG	131	146	0.6752577319587629	21
chr13	36873487	-	1	GCGTGAAAAGTG	117	124	0.8602941176470589	19
chr13	38818577	+	1	TATTTTCGCCGC	97	110	0.9326923076923077	8
chr13	43005740	-	1	CCATTCCTGTTA	65	71	0.8666666666666667	11
chr13	43722163	-	1	GGTTAATGCTGA	36	38	0.9473684210526315	3
chr13	43850749	+	1	GGGTACGGGAAA	14	16	0.9333333333333333	2
chr13	43997157	-	1	TGTTCGTGAGTT	376	418	0.9330024813895782	27
chr13	44190137	+	1	CCGAGCCAGTAA	30	36	0.8108108108108109	6
chr13	44253276	-	1	ACCGTGCTTTGT	12	14	0.8	4
chr13	46845019	-	2	GTTCATCCCACA	530	621	0.9137931034482759	50
chr13	46971776	-	1	GGTCCCGTTTCT	59	63	0.9672131147540983	3
chr13	47988863	-	1	AACATCTCTTTG	152	168	0.926829268292683	13
chr13	49335919	+	1	GCGATTAAAAGG	39	43	0.8297872340425532	9
chr13	49876173	-	1	AGGGATTTTTTT	46	52	0.9019607843137255	6
chr13	50112007	-	1	AGTCTGGGTTAC	20	22	1	1
chr13	50906278	-	1	AGTGATTTAGTT	3	3	1	1
chr13	52296370	+	1	CATACTGTTTGA	25	27	0.8620689655172413	5
chr13	52760670	+	1	TGTCGCATTCGG	183	200	0.9432989690721649	12
chr13	52810315	-	1	CCTGGATCAACC	44	46	0.88	7
chr13	53282797	+	1	CTGACGGCGCTA	24	26	0.8	7
chr13	54184889	+	1	CGTCACTCGTTC	41	44	0.9111111111111111	5
chr13	55399881	+	1	AACGTTTTATTC	262	286	0.9562043795620438	13
chr13	56909098	+	2	TCAAATTGGGGC	33	41	0.8918918918918919	5
chr13	58026386	+	1	ACTTGTTGTTGG	167	187	0.9488636363636364	10
chr13	58721007	+	1	TGCTGTTGTCGT	48	52	0.9056603773584906	6
chr13	59237490	-	1	CCTGTTGCAATA	47	57	0.9591836734693877	3
chr13	59751009	-	1	TCCCTGCAAGAT	59	64	0.921875	6
chr13	60270330	+	1	CTTTGAACCATT	95	107	0.9313725490196079	8
chr13	60530089	-	1	GCTTAATTGTAC	66	71	0.8354430379746836	12
chr13	61854673	+	1	ATCCGGAAAGAT	14	15	0.8235294117647058	4
chr13	64125490	-	1	GTTTAGTCACAT	215	233	0.9347826086956522	16
chr13	66750198	-	1	TCTGGCAGGCGG	9	10	0.8181818181818182	3
chr13	66896629	-	1	TTTGGAAAGATC	27	33	1	1
chr13	66950414	-	1	AGACCCTCTGCG	26	29	1	1
chr13	67266659	-	1	GAGACACATCAG	8	8	0.8888888888888888	2
chr13	67372373	+	1	GAGTGTGTCCTG	338	385	0.9797101449275363	8
chr13	70165799	-	2	GACGACTTATCT	78	94	0.9397590361445783	6
chr13	71438950	+	1	GGAGGGCAGGGG	74	84	0.9367088607594937	6
chr13	71772381	-	1	GTTCATCTGAGC	43	49	0.9772727272727273	2
chr13	71900572	+	1	TGATTCCTTGTT	15	15	0.9375	2
chr13	72859344	+	1	ATTGCCATTGAG	46	51	0.9387755102040817	4
chr13	73057855	-	1	GTAGTCTGGTGT	1	1	1	1
chr13	73733172	-	1	TAGCGACTCAAG	334	367	0.9597701149425287	15
chr13	74069746	-	1	GCCCGGAGGAGT	178	191	0.9081632653061225	19
chr13	76668620	+	1	AATCTTCAATAC	75	84	0.9259259259259259	7
chr13	77665196	-	1	TTTGATTCTTTT	31	32	0.8611111111111112	6
chr13	78577230	+	1	AGGGGCTGTCCG	23	26	0.7419354838709677	9
chr13	79346087	+	1	TAGATGAGAGCA	3	3	0.75	2
chr13	82118891	+	1	CCTCTTTCCAGC	31	37	0.8611111111111112	5
chr13	83579449	-	1	TAGGTTTGACAT	90	104	0.9278350515463918	8
chr13	86048045	+	1	GGGTTGCTGTTG	39	46	0.9512195121951219	3
chr13	86054132	+	4	AGAGATTTCTTA	85	101	0.9042553191489362	10
chr13	91380372	+	1	CGGCGAGGCTGG	68	79	0.8947368421052632	9
chr13	91588357	-	1	TTATACACACTG	25	28	0.9615384615384616	2
chr13	92823544	-	1	ACATTAGGCGCC	192	227	0.964824120603015	8
chr13	93518569	-	1	CTGTTTAAAAAG	140	154	0.9395973154362416	10
chr13	93666802	-	1	ATGGCTCTTTCG	71	81	0.9594594594594594	4
chr13	97436090	+	1	TATTACTAAAGC	3	3	0.75	2
chr13	107372709	-	1	CTATAACTCTTC	22	22	0.9565217391304348	2
chr13	107852196	-	1	ATGTGGTCAGAA	42	48	0.8936170212765957	6
chr14	20671349	-	1	ACTTGAGGTTAT	61	62	0.782051282051282	16
chr14	23009544	+	1	GAGTTAATGTTG	64	70	0.9142857142857143	7
chr14	23938944	+	1	GTGCTGGTGTTG	63	71	0.8873239436619719	9
chr14	25887285	-	1	GGCGTAAGCTGG	109	114	0.923728813559322	9
chr14	26061411	-	1	TACGTATAAGTA	162	188	0.9364161849710982	12
chr14	29807401	+	1	TGGATAGAGATG	19	20	0.8636363636363636	4
chr14	30148566	+	1	ACTTCCCGTAGG	178	220	0.9270833333333334	15
chr14	31059547	-	1	CTCGGTGCTGTG	59	65	0.855072463768116	11
chr14	31306666	-	1	GCAGTGTGGAGT	75	84	0.9375	6
chr14	32104556	-	1	TATAAGACGTAT	8	8	0.6666666666666666	5
chr14	34250304	+	1	GCGACCATTCAG	74	85	0.8505747126436781	14
chr14	36465865	+	1	CTCGTCGTAATG	93	102	0.9207920792079208	9
chr14	36940453	-	1	TCTTTTGTGACT	32	38	0.9411764705882353	3
chr14	39596895	-	1	CAATAAGCTAGG	5	6	1	1
chr14	41611240	+	1	CATAGGGATCTG	31	32	0.9393939393939394	3
chr14	42152174	+	1	ATCTGTCAGATT	1	1	0.5	2
chr14	43790585	+	1	GACGAGCACTGC	130	146	0.9285714285714286	10
chr14	44151855	-	1	AGTAAGGCAATT	108	115	0.9230769230769231	10
chr14	48984051	-	1	AGGTGGGGGTAT	51	59	1	1
chr14	50562951	-	1	TCAGGATTCAAC	2	2	1	1
chr14	51395266	-	1	TACGCACTGAGA	156	171	0.9069767441860465	17
chr14	51623371	-	1	ATCAATAGTCGA	2	2	1	1
chr14	53873110	+	1	CAGCTAGTTTTA	124	136	0.9612403100775194	6
chr14	56812543	+	1	TTCGACGTTACT	31	36	0.9117647058823529	4
chr14	57284638	-	1	TCTAGCGCTACT	146	173	0.9358974358974359	11
chr14	58330029	+	2	TTGTGAGCTGTG	60	64	0.9090909090909091	7
chr14	58608509	+	1	GTGTCCAAAACA	190	220	0.926829268292683	16
chr14	61798197	+	4	TGCTGGATTTCA	53	58	0.8688524590163934	9
chr14	62159934	+	1	AATGGCCAGTAT	60	62	0.9836065573770492	2
chr14	65620522	-	1	TGGAACGGGTAC	292	335	0.8984615384615384	29
chr14	66709738	+	1	AGTCTTTGGCAC	21	23	0.9545454545454546	2
chr14	67053921	-	1	CGACGACGGTAG	197	207	0.9425837320574163	13
chr14	68959888	+	1	GCCAGGTGGCTA	74	82	0.7872340425531915	17
chr14	69101337	+	1	ACTTCGAGGTCG	73	81	0.9605263157894737	4
chr14	69127949	-	2	TATGTTGATCGT	69	81	0.9452054794520548	5
chr14	70117583	-	1	GTTGTCGCCAGG	178	194	0.9128205128205128	18
chr14	71328550	-	1	GGATTGCCGGTC	51	56	0.9272727272727272	5
chr14	71420843	-	1	GAAACTGTTTGC	122	142	0.9312977099236641	10
chr14	71683186	+	1	GGTCGCTGGGGG	16	19	0.8888888888888888	3
chr14	72907900	-	1	ACACTACCAAAC	35	37	0.8974358974358975	5
chr14	73486896	+	3	TTAGATAGTTTA	48	57	0.9056603773584906	6
chr14	73788030	-	1	AAGCAACTAGTG	1	1	1	1
chr14	74342057	-	1	CGAAGGGCACCA	61	70	0.9104477611940298	7
chr14	80843601	+	1	CCATGACTGAGT	138	150	0.9139072847682119	14
chr14	82287026	-	1	AATAAAGACCAA	81	94	0.9418604651162791	6
chr14	86056475	-	1	GTACACCCCTTA	186	209	0.9538461538461539	10
chr14	89922592	+	1	TGCTGTGCGCTA	72	79	0.9113924050632911	8
chr14	91792993	-	1	GAGATAAGGATT	82	91	0.82	19
chr14	92056747	-	1	CGGTGTCCGCGG	12	12	0.9230769230769231	2
chr15	20541979	-	1	CAAACTCAATTA	201	216	0.5261780104712042	42
chr15	25643218	-	1	CATCCTGAGTTA	29	31	0.8787878787878788	5
chr15	29754877	-	1	GTTTCAGATACT	6	6	0.75	3
chr15	31253008	+	1	TCCCCTGTCCCT	2	2	0.6666666666666666	2
chr15	33218237	+	2	TTTGAGAGTCAT	15	17	0.8333333333333334	4
chr15	34959647	-	1	GACGATACCTGG	42	45	0.8936170212765957	6
chr15	36782151	+	1	GGGCGGTCCAGG	17	21	0.7727272727272727	6
chr15	38480901	+	1	CTGAGACGAGTC	82	101	0.9010989010989011	10
chr15	41635851	-	1	CCACGAATGGTG	52	56	0.9629629629629629	3
chr15	45308144	+	2	ATTCGTAGGTGT	52	62	0.896551724137931	7
chr15	48355778	+	1	TTGAGGGATTCG	14	16	0.875	3
chr15	48408655	-	1	GCGGTATCGCTT	14	17	0.7777777777777778	5
chr15	48502790	+	1	CGGGGGTTTCAA	241	267	0.9796747967479674	6
chr15	48538962	-	1	GATAGTAGGCTC	207	238	0.9039301310043668	22
chr15	49496254	-	1	CGGAACTGGTTC	459	521	0.7701342281879194	34
chr15	50877423	+	1	AGGTTGTGCAGC	22	23	0.88	4
chr15	56882351	-	1	GCAAATGACTGC	43	49	0.8775510204081632	7
chr15	56929608	-	1	TTTGCAAAGGCG	154	183	0.8651685393258427	25
chr15	59142957	-	1	TCTTGTAAACGT	36	38	0.972972972972973	2
chr15	61737491	+	2	ATGTAAGATTGG	126	136	0.9197080291970803	12
chr15	62519833	+	1	AATAGTGTTTTG	32	38	1	1
chr15	62712809	-	1	TAGACGCATATG	37	39	0.9024390243902439	3
chr15	63306564	+	1	GGCTGCGAAACC	121	133	0.9236641221374046	11
chr15	63553534	-	1	TTAATGTTCATT	151	161	0.4967105263157895	21
chr15	63910869	-	1	TGGCAGAGGGAC	43	48	0.8775510204081632	7
chr15	64267984	+	1	AGGTAGTCTGCA	73	83	0.9240506329113924	7
chr15	64667959	-	1	AAAAGCACTGGA	100	112	0.9433962264150944	7
chr15	66720682	-	1	GATCGCATGTGC	8	8	0.6666666666666666	5
chr15	67313000	-	1	ATATAAAATATC	93	108	0.9489795918367347	6
chr15	67921368	+	1	GGCCAAATGCGG	69	77	0.92	7
chr15	68281239	+	1	ATGCGGATTGAC	154	171	0.9447852760736196	10
chr15	68746167	-	1	CACGCTGGTGAG	11	12	0.8461538461538461	3
chr15	68813463	+	1	ATTATTAGTCAG	56	60	0.9491525423728814	4
chr15	69444306	-	1	TAGTTTTACGGT	155	189	0.950920245398773	9
chr15	70602863	-	1	CCATTTAAGCAC	37	45	0.9024390243902439	5
chr15	70879299	+	2	CTTCAATTGATC	83	96	0.9431818181818182	6
chr15	70936500	+	1	ATCACTTGTGAT	6	6	1	1
chr15	71180862	-	1	GGGTAGTCTCGG	51	59	0.9272727272727272	5
chr15	73614686	+	2	GACACCAGTTAA	9	10	0.75	3
chr15	75344984	-	1	GGTCAACCGTCA	34	39	0.9444444444444444	3
chr15	75605614	-	1	TGATTTGGTGTA	12	13	1	1
chr15	76279183	-	1	ACCGGCCCATCG	13	13	0.8666666666666667	3
chr15	76528226	-	1	TGCGTCGTGGTA	606	673	0.9351851851851852	42
chr15	77920440	+	1	CCCACTCTCACA	27	29	0.7941176470588235	8
chr15	78885537	-	1	TGTAGGTGCTGT	111	121	0.925	8
chr15	78897401	+	1	TGGGGTCAAGAG	177	205	0.9267015706806283	15
chr15	80140566	-	1	AAGGCTCCCTAG	8	9	0.8888888888888888	2
chr15	80173390	-	1	CGATAGGTGTGG	39	43	0.8125	10
chr15	82943305	-	1	TCCTTGGGTGGC	7	8	0.7	4
chr15	83060069	+	2	GGTAACCCGGAA	127	147	0.7791411042944786	13
chr15	83504999	-	2	CATAGCCATTGG	27	31	0.9642857142857143	2
chr15	84583864	-	1	GATTCAACCTAA	46	53	0.9387755102040817	4
chr15	85059800	+	1	CTAAGTGGGAGG	9	9	0.9	2
chr15	85154382	+	1	GGATGCTAACAT	175	208	0.9459459459459459	11
chr15	85355009	+	1	TGTGTAAGCCGG	27	29	0.9310344827586207	3
chr15	85394037	-	1	GGGCTTGGGCGG	227	257	0.88671875	30
chr15	85454977	+	2	TTATCGGCCCGG	152	189	0.8786127167630058	22
chr15	85746320	-	1	GCTTTGCCCCGT	52	57	0.896551724137931	7
chr15	85795140	-	2	CATCTCTATTAC	97	115	0.8899082568807339	13
chr15	89153424	-	1	CTAGTCAGCCTA	23	26	0.92	3
chr15	89167739	+	1	AGTTTTCTAATC	39	44	0.9069767441860465	5
chr15	90663242	-	1	TGGCTGGTCGTG	21	23	0.84	3
chr15	90995103	+	1	TATATAGGTATC	5	5	0.8333333333333334	2
chr15	91022690	+	1	TGTGTTTGATGG	1	1	1	1
chr15	92124195	-	1	GACAAACTCGGT	15	16	1	1
chr15	92641971	+	2	TGCCAGGAGTAG	46	51	0.8846153846153846	5
chr15	92886811	+	2	CCAATTTCATCA	75	84	0.9259259259259259	6
chr15	92992114	+	1	TATTATATGTAT	63	69	0.9264705882352942	6
chr15	95877327	+	1	TATTCGGGGCTT	26	27	0.9285714285714286	3
chr15	99307985	+	1	TTACGTCGTTTT	12	13	0.8	4
chr15	100922629	-	1	GCGTGCTCAAGG	1	1	1	1
chr16	1702889	-	1	TCAATTTCCTTG	44	46	0.8148148148148148	7
chr16	4398366	+	1	TGTCTGCCTAAT	11	13	0.7857142857142857	4
chr16	9072954	-	1	AAGTCCTTCTCG	49	55	0.8596491228070176	9
chr16	14523801	+	1	GCTGATATACTC	58	61	0.8285714285714286	13
chr16	22188691	+	1	TGGTGTTCTTCC	18	20	0.75	6
chr16	25908339	+	2	GATCTCAGTTAC	85	105	0.8947368421052632	11
chr16	29120534	+	2	ATCCGGCTATTC	65	70	0.7926829268292683	18
chr16	29927143	-	1	TTATGAACCTGG	188	217	0.8584474885844748	32
chr16	31734085	+	1	CGGAGTACGAGC	49	53	0.9423076923076923	4
chr16	31749505	-	2	ACCGTGTTGAGT	33	39	0.868421052631579	6
chr16	47492396	-	1	TACCTGTATGTG	24	27	0.8275862068965517	6
chr16	47523824	+	1	GTTTCTTGAGCA	112	133	0.9739130434782609	4
chr16	50582254	+	1	ATGGTGGGCCGT	24	24	0.96	2
chr16	51539034	-	1	TTACCGATCATG	31	32	0.8157894736842105	8
chr16	52200770	-	1	CACGTTCGGAAC	96	109	0.9142857142857143	10
chr16	52741452	+	1	GCACCTTCGGTC	1	1	1	1
chr16	53219690	+	1	CGTGAAGCTATA	76	85	0.9382716049382716	6
chr16	53489061	+	1	TCCTATTTGGTT	99	108	0.9339622641509434	8
chr16	54359998	-	1	CATTGGCCTTGC	47	50	0.9215686274509803	5
chr16	54465689	-	1	TAGCGAGTTTTC	59	63	0.44360902255639095	21
chr16	56821910	-	1	ACCTTTCGACAG	43	49	0.9555555555555556	3
chr16	63069075	-	1	CCGGACGCGTAA	11	12	1	1
chr16	66465646	-	1	TTCGGTGTAAGC	41	47	0.8913043478260869	6
chr16	66830202	+	2	GCGTTGAACATG	27	30	0.75	9
chr16	67590423	+	2	TTGATTTGGTGC	33	37	0.868421052631579	6
chr16	68086480	-	1	AATTATGTGCGT	90	94	0.9574468085106383	5
chr16	74033548	+	1	CTGGGGTATCGT	22	25	0.8148148148148148	5
chr16	74734884	+	2	AGGGTGCTGTGG	12	14	0.5217391304347826	11
chr16	74749229	+	1	ATCTGGTCGGTG	83	87	0.8556701030927835	15
chr16	77192111	-	1	AAGGGCATGTCA	28	29	0.9032258064516129	4
chr16	77218000	+	1	TACCTCGGGATT	7	8	1	1
chr16	78122926	+	2	TGGCATGTGGAC	165	180	0.9116022099447514	17
chr16	82012519	+	1	CGATTGATAGGT	83	92	0.9431818181818182	6
chr16	83836448	+	1	GACGACCTGAAA	15	16	0.9375	2
chr17	3567848	-	1	ACAACTTAGTGG	32	33	0.8648648648648649	6
chr17	6194972	-	1	CTGCTTTTTAGT	30	32	0.8333333333333334	7
chr17	8603972	-	1	GGTACTTGGTGA	117	131	0.9435483870967742	8
chr17	12188955	-	1	CGGCGTAGCTAG	44	52	0.9565217391304348	3
chr17	14056116	+	2	ATGTGTTCAGTC	78	91	0.8863636363636364	11
chr17	17611650	+	1	CGCGTGAATTAG	15	15	0.6	10
chr17	18872706	+	1	ATCGGGAGTATG	23	24	0.92	3
chr17	19889374	-	1	TGTGCGTTCTGT	22	23	0.9565217391304348	2
chr17	20664605	-	1	CGGGGATATGTT	5	5	0.8333333333333334	2
chr17	30778627	+	3	TCCCTGTTTTAT	143	174	0.8881987577639752	16
chr17	35218708	+	2	GGTTTAGTAAAG	119	138	0.8623188405797102	19
chr17	36993983	-	1	CGTTAAGTGACC	46	52	0.92	5
chr17	37493482	-	1	CTTACCACCGCT	74	81	0.8505747126436781	14
chr17	37495645	+	1	CTGAATAAAGTG	21	26	0.75	8
chr17	40450437	+	2	CGCATATGTTCT	24	28	0.8571428571428571	5
chr17	42324378	+	1	ATGTACAAACGT	8	9	0.6666666666666666	4
chr17	46653100	+	2	GTGATGGGTGAA	34	36	0.4927536231884058	10
chr17	50924593	+	1	TGTCTAAGGGAC	48	59	0.8421052631578947	10
chr17	55722323	-	2	TATCGACTCTGG	120	133	0.9090909090909091	13
chr17	57174246	+	3	GGTTGTGAAGGA	113	127	0.8560606060606061	17
chr17	57920947	+	1	TCGATTCGTACG	14	15	1	1
chr17	59841380	-	1	GGCACCTATTCC	72	75	0.8674698795180723	12
chr17	60544188	-	1	CCTGGTCTGGAT	34	35	0.85	7
chr17	62063386	+	1	GACTGCAATCCT	44	50	0.8979591836734694	6
chr17	63143219	-	1	GATGTATGTTAC	47	54	0.94	4
chr17	64307117	+	2	GCTACCGGCTGC	11	12	0.9166666666666666	2
chr17	64497461	-	1	GGTAGTTGTCTG	146	168	0.9240506329113924	12
chr17	67886040	+	4	GAGCATAAAATC	95	108	0.5864197530864198	19
chr17	69388554	-	1	GGAAGCTATATC	6	7	1	1
chr17	70766943	+	2	ACGAGGGCTGCG	73	80	0.8795180722891566	11
chr17	75397042	+	1	GTGTGGGGGGCG	1	1	1	1
chr17	76557987	+	1	ATCAGGTACTGG	9	10	1	1
chr17	77157208	+	2	CAACGGACTCTT	74	89	0.9135802469135802	8
chr17	80159873	-	1	GTAAGTGGCAGT	26	26	0.8125	7
chr17	82358827	+	1	GGATTATGGCGT	91	104	0.9285714285714286	6
chr18	4370477	+	1	GGGTATCAGGGA	26	31	0.896551724137931	4
chr18	12989719	+	1	CCGTATTCTTTC	55	63	0.9649122807017544	3
chr18	21243554	+	1	ACCGTTGTGCGC	10	11	0.9090909090909091	2
chr18	21495648	+	1	CCGGAACTGCTT	9	11	1	1
chr18	21702490	+	2	CTCACGATTGAG	59	64	0.8676470588235294	7
chr18	21843895	-	1	CCGGGTGAATTT	11	11	0.7333333333333333	3
chr18	23103277	+	2	TGGGGTCGGCTC	14	16	0.9333333333333333	2
chr18	24022269	-	1	TTTGCGTATAGC	34	37	0.8717948717948718	6
chr18	24072671	-	1	GTACTCTGTCGG	69	86	0.8961038961038961	8
chr18	26548648	-	1	TCCATGGATGTG	1	1	1	1
chr18	28484271	+	1	AAATAGCGAGTG	6	6	1	1
chr18	29133367	-	1	AAAGTTTCACCC	138	150	0.9452054794520548	8
chr18	30026155	-	1	GGTGCTGAGTGT	30	32	0.6382978723404256	17
chr18	30664239	+	1	CCTAGAGGTAGA	94	108	0.9591836734693877	5
chr18	31059170	+	1	GCGAATCGTTTG	49	58	0.9074074074074074	6
chr18	31997531	-	1	CGCAGATTATTC	58	63	0.9206349206349206	6
chr18	32409761	+	1	GTGTCATTGGTA	173	186	0.9057591623036649	19
chr18	32731023	+	1	TCATACTTGGTC	60	68	0.9230769230769231	6
chr18	33644435	+	1	CATCGGCGCCCT	97	108	0.9150943396226415	10
chr18	36410558	+	2	TCCTGGGTCGGC	134	166	0.881578947368421	19
chr18	42456724	+	1	CAACTCTATCTT	21	24	0.875	4
chr18	50931513	-	1	TGCGACAATGTC	1	1	1	1
chr18	55035321	-	1	GGGTCATCGGGT	51	63	0.8793103448275862	8
chr18	55868849	-	1	GGGGCGCGTGGA	127	138	0.900709219858156	15
chr18	56542056	+	1	GTTTGTTTGGTG	25	28	0.9259259259259259	3
chr18	57744378	+	3	GTGAGAAACTAG	45	49	0.6716417910447762	16
chr18	58287076	-	1	GTGGCGATTTCC	125	135	0.8928571428571429	16
chr18	60954687	+	2	CAACTTAGTTGA	183	205	0.8280542986425339	38
chr18	62432852	+	1	TCCCACCTGTCC	12	13	0.48	2
chr18	62851850	+	4	GTCATGTCCGCC	72	83	0.8	16
chr18	63049380	-	1	GTGTCTGCGTAG	929	1011	0.936491935483871	62
chr18	63508504	+	1	GAGGTTCACTTT	168	186	0.9281767955801105	14
chr18	64166225	-	1	TCATCTTTAGTA	187	191	0.413716814159292	11
chr18	65792131	-	2	TTGTCGTAGGAT	14	17	0.7	7
chr18	69707340	+	1	CAGTGATGCCCA	5	5	1	1
chr18	69866417	+	1	CGGATTGTGTAG	43	47	0.9555555555555556	3
chr18	76477828	-	1	GGTTAAATATGT	121	140	0.9166666666666666	11
chr18	76707730	+	4	GAAAGTTGTCAC	57	67	0.7402597402597403	21
chr18	80156041	-	2	GTAATCAGGGGG	64	74	0.9552238805970149	4
chr19	1204287	-	1	CTCCACGTGACT	3	3	0.75	2
chr19	13404668	+	1	AGAACCATGGCG	83	89	0.9021739130434783	10
chr19	15750932	+	1	AGTCTTCCATAG	8	8	0.8	3
chr19	17076711	+	1	GTAGGTCCGAGG	22	26	0.8148148148148148	6
chr19	17450576	-	1	TTGATTAGCGAG	122	127	0.8905109489051095	15
chr19	20994844	-	1	TCAGGGTTTCAG	5	5	0.625	4
chr19	23805026	+	2	GTAGCTTTCATA	46	53	0.8518518518518519	8
chr19	30166387	-	1	TTGTGGAGCCTA	50	53	0.9259259259259259	5
chr19	31079211	-	1	TTATACTGATAA	2	2	0.5	3
chr19	35757883	-	1	CTCGCTGGGATC	29	31	0.7435897435897436	11
chr19	43313692	-	1	TTTGCTTGTCGC	109	127	0.9396551724137931	8
chr19	43604791	+	2	CCGTTAAAAGCC	44	53	0.8461538461538461	8
chr19	48130326	-	1	AGGAAAGGCGAG	12	12	0.9230769230769231	2
chr19	49205367	-	1	TATTTCGCCTCT	25	28	0.8333333333333334	6
chr19	52527247	+	1	ACCGACTTCGCA	10	12	0.9090909090909091	2
chr19	52638289	-	1	ATATATTGATCG	19	19	0.6129032258064516	13
chr19	53394146	-	1	TCTTCATAGGTG	16	17	0.8421052631578947	4
chr19	56714505	+	3	GATGTATCCGGA	165	186	0.812807881773399	39
chr19	57610045	+	2	AATTCGTGGTAA	32	36	0.8	9
chr2	13297305	+	1	CCCCGCGAAATC	62	76	0.8985507246376812	8
chr2	14249556	-	1	CTGTATGGATCA	21	24	0.9130434782608695	3
chr2	14732405	+	1	CTAGATCCTGAA	26	29	0.8387096774193549	6
chr2	15608858	+	2	TAGTCGCGGGTG	110	122	0.9565217391304348	6
chr2	17460046	+	1	CGCCAGGCCAGG	18	21	1	1
chr2	17559172	+	1	GAGGTGTTGATG	64	70	0.9014084507042254	8
chr2	18153481	-	1	AGTCCCATAAGA	37	42	0.8604651162790697	7
chr2	21472081	-	1	CTGTAGGTTGAG	85	94	0.8762886597938144	12
chr2	27166216	+	1	AAAACAATTCCA	2	2	1	1
chr2	27853679	+	2	GTGGTGGATCAG	22	24	0.8461538461538461	4
chr2	30661138	+	1	GGGTGCGTTGCT	57	63	0.8507462686567164	11
chr2	32615968	+	2	GAGTTTACCATC	58	68	0.7073170731707317	11
chr2	36221215	-	1	GTGGTTTGGCCA	52	58	0.9454545454545454	4
chr2	36651498	-	1	CCCCGCTCCATT	34	39	0.918918918918919	4
chr2	37805237	-	1	CGCGACAGGCGA	4	4	1	1
chr2	38864459	-	1	GAGTTATGTGGA	185	203	0.9390862944162437	13
chr2	39731145	-	1	TCCTGGAATTCT	103	113	0.911504424778761	11
chr2	42545078	-	1	CGTTACGAAGAG	76	86	0.8444444444444444	14
chr2	42566101	+	2	TCATCTCGGTTT	12	13	0.631578947368421	8
chr2	43905240	+	2	CGACTTTAACGC	109	134	0.9316239316239316	7
chr2	45412195	+	1	ATACCAAATTAT	21	23	0.875	4
chr2	45517005	+	1	TCAGGTCGATCG	126	139	0.9333333333333333	10
chr2	46187754	+	1	GAGCGTCATGTG	19	19	0.95	2
chr2	46213887	-	1	CTATTCTATTTC	113	124	0.9658119658119658	5
chr2	48675228	-	1	GGGGATTTTCTG	13	13	1	1
chr2	48754025	-	1	CGTCGGTGATTG	130	141	0.9558823529411765	7
chr2	50206185	+	1	CTCGCGTTCATG	132	143	0.9496402877697842	8
chr2	51358582	-	1	GGGGCATTTTTG	40	42	1	1
chr2	55237594	-	1	GCCTTCACTTAG	24	25	0.6486486486486487	12
chr2	56806160	+	1	GCTGACGAGTGT	279	307	0.9522184300341296	15
chr2	57772987	+	1	TTCCAGGGCCGT	52	60	0.9122807017543859	6
chr2	60740655	+	1	GAGCTTTCTTGA	18	22	0.8181818181818182	5
chr2	61972223	+	3	TACGCCGTGATC	52	64	0.8666666666666667	9
chr2	63506073	-	1	TAACCAAAAATC	63	69	0.9692307692307692	3
chr2	63592688	-	1	TTTACTGTCCAG	1	1	1	1
chr2	63638384	+	1	GTGCGGTAGCAT	142	159	0.9102564102564102	15
chr2	64120793	+	1	AACTCGTGTGTC	107	118	0.9304347826086956	9
chr2	64856869	+	2	CGATGCGCCGAG	68	76	0.8831168831168831	10
chr2	65436774	-	1	GCCATCCTACCC	31	35	0.8857142857142857	5
chr2	65715545	-	1	GGGGCTCCCTCC	44	53	0.8627450980392157	8
chr2	68976739	-	1	TTACCATATCCC	27	32	0.9642857142857143	2
chr2	69880450	-	1	GTCGCTCCGCTC	45	48	0.9375	4
chr2	70852148	+	1	GGAGGGAAGAAC	252	302	0.9368029739776952	18
chr2	72145508	-	1	TAAACTCCCGAA	5	6	1	1
chr2	72727040	+	1	GATGGGATTATC	17	17	0.8947368421052632	3
chr2	74647420	-	1	ATATGCAGATGT	1	1	1	1
chr2	80930402	-	1	GCGTAGTCGTGG	40	44	0.975609756097561	2
chr2	81382142	-	1	CGGGCGGCCTAT	50	60	0.9259259259259259	5
chr2	82902493	-	2	ACTAAGATGGTG	154	169	0.9390243902439024	11
chr2	87646048	+	1	ATCAGTTTCGAG	123	132	0.8978102189781022	14
chr2	90095166	-	1	TGCGTCACGGAT	23	23	0.8214285714285714	5
chr2	97695569	-	1	CCCTCCGTTGAA	43	48	0.8775510204081632	7
chr2	99381170	-	1	CTAAAGGGTGCG	170	198	0.8854166666666666	23
chr2	102469368	+	1	CGCCCCCTAGGT	33	41	0.9166666666666666	4
chr2	103752502	+	1	TGACGGCGCTGG	20	21	0.9523809523809523	2
chr2	107407204	+	1	AGACAGCCCATT	48	52	0.9230769230769231	5
chr2	108471620	+	2	GAATTCTCCGTT	137	163	0.9448275862068966	9
chr2	112817509	+	1	CTATTATATGAA	6	6	1	1
chr2	112923392	-	1	TATTATCGAGAG	39	41	0.9069767441860465	5
chr2	115389182	+	1	TGGCGAGAGTTG	18	19	0.8181818181818182	5
chr2	117803439	+	1	GACTGGCTCCGC	32	35	0.9696969696969697	2
chr2	119423673	-	1	ATCTCGACTGGA	36	42	1	1
chr2	119601729	+	1	GAGTTAACGAAC	144	156	0.972972972972973	5
chr2	120709112	-	1	ATAGGGTTGGTT	2	2	1	1
chr2	128699299	+	1	ATCTGTAATACG	41	43	0.9318181818181818	4
chr2	136742511	+	1	TCCTTTAGGAAT	122	143	0.8652482269503546	16
chr2	137520884	-	1	ACATCTACTAGT	16	17	0.8888888888888888	3
chr2	137815220	+	1	TTATGCTATCAG	66	70	0.9166666666666666	7
chr2	137820158	+	1	TCGGGAGAGCCT	2	2	1	1
chr2	138206330	-	1	ACGTCCCTCGCT	47	58	0.9215686274509803	5
chr2	140755750	-	1	AGGGCTCAGTCA	41	43	0.8913043478260869	6
chr2	140788085	-	1	GAGATGAAGGAG	100	106	0.9615384615384616	5
chr2	144092379	-	1	CACAATTTGTTT	52	55	0.8666666666666667	8
chr2	144220602	+	2	GACCAGAGATGC	215	243	0.9429824561403509	13
chr2	146939530	+	1	GTAACCGTACTC	56	57	0.8888888888888888	8
chr2	147236462	+	1	TGACATGATATG	45	50	0.9	6
chr2	148129849	-	1	TTAGCCCTTCCT	129	152	0.9626865671641791	6
chr2	148938161	-	1	CGAGGATTTACG	33	36	0.4520547945205479	14
chr2	148968841	+	2	TTGGTGGCCGCT	74	86	0.9487179487179487	5
chr2	152373808	-	2	TTATGGGGTGGG	142	175	0.8875	19
chr2	152559084	-	1	CGTTCGTTTCCT	21	25	0.84	5
chr2	152632183	-	1	CATTAAATCTTA	19	20	0.9047619047619048	3
chr2	153134180	+	1	TGTGTTTATCGG	53	55	0.9298245614035088	5
chr2	153348240	+	1	AAATTTTGTTGA	36	42	0.8780487804878049	6
chr2	154946072	-	1	AATTCCGCACGG	122	136	0.9457364341085271	8
chr2	155244819	-	1	TGCCGCGTTTCA	105	112	0.9545454545454546	6
chr2	155483395	-	1	AGACAAGGTGTG	45	47	0.9	6
chr2	159202458	-	1	GTTCTGGCATGA	29	35	0.9354838709677419	3
chr2	159321634	-	1	CTCAAAACGATA	52	60	0.9285714285714286	5
chr2	159516201	-	1	TTAATGTTTCTG	90	102	0.9183673469387755	9
chr2	161048651	-	1	ACTTCGCGAGCC	130	147	0.9219858156028369	12
chr2	161378212	-	1	CAAGCCACTAGT	157	176	0.9181286549707602	15
chr2	163312618	+	1	TGACAGAGTGTG	90	98	0.989010989010989	2
chr2	164359600	-	1	GAGAGTATACGT	15	16	0.5	3
chr2	164898792	-	1	GTAAGCTAGGTA	111	128	0.888	15
chr2	165818895	-	1	GACTGAATACGC	118	135	0.9516129032258065	7
chr2	166100521	-	1	ATCTGTCAGATT	1	1	0.5	2
chr2	167768402	+	1	TTAATGTTCATT	133	151	0.4375	21
chr2	168319165	+	2	CAACGAAGCTCA	40	46	0.8888888888888888	6
chr2	170383466	-	1	TTGATGGGAGTC	84	104	0.9438202247191011	6
chr2	170503033	-	1	ATACTGTGCCTG	47	56	0.8867924528301887	7
chr2	171392318	-	1	TTGGTGGCGTTA	111	123	0.888	14
chr2	172122666	+	4	GGGACCCCAACG	137	168	0.8509316770186336	20
chr2	172132691	+	1	TGTGCGCGGAAC	16	18	0.9411764705882353	2
chr2	175766911	+	2	AACTAATGTGTA	131	151	0.8972602739726028	15
chr2	175774300	+	2	GAGACCTTTCAT	25	31	0.8928571428571429	3
chr2	176324855	+	1	GCTGGGCATCCC	24	27	0.96	2
chr2	180154517	-	1	TTGGGAAGCTTC	10	12	0.8333333333333334	3
chr2	180984761	-	1	CAAGGGCCTTTT	84	91	0.8842105263157894	12
chr2	181029388	-	1	CCATTATAAAGG	7	7	1	1
chr2	181081536	+	1	AATGTCCATCGC	129	148	0.9626865671641791	6
chr2	182881717	+	2	AGACCTTCGTTG	73	84	0.8488372093023255	14
chr2	184324647	+	1	ATGGGTGGAGTG	266	291	0.9466192170818505	16
chr2	184338694	-	1	GGATTCGGAGTA	77	88	0.927710843373494	7
chr2	186443382	-	2	TTGTAATTGCCA	99	115	0.9252336448598131	9
chr2	186594683	+	1	GTTATACCCACT	43	45	0.9772727272727273	2
chr2	187655349	+	1	AAATATGGAGGC	13	15	0.7222222222222222	6
chr2	187737225	+	1	CCTACAGGGGTT	61	68	0.9682539682539683	3
chr2	189467693	-	1	TTTGCACATTTG	47	49	0.8392857142857143	10
chr2	189827722	-	1	TAGAGATTATGC	30	31	0.8333333333333334	7
chr2	190822127	+	1	CATCCGGTACAA	2	2	0.6666666666666666	2
chr2	190932271	-	1	CAGCAGGTTCAC	289	310	0.7279596977329975	40
chr2	191013213	+	2	TTTTGATCACAA	109	126	0.9083333333333333	12
chr2	191958966	-	1	AACTTCCTGTTT	31	35	0.8857142857142857	5
chr2	192142066	-	1	GATGCTAGCTCT	198	214	0.908256880733945	21
chr2	192749929	+	2	CAACCCTCATTG	203	236	0.9485981308411215	10
chr2	196064421	-	1	TCCCTAGGCCGG	27	33	0.9	4
chr2	197440740	+	1	TTGCGATGGCGG	183	200	0.9432989690721649	12
chr2	197828815	-	1	ACAAGCTAAGGG	29	33	0.8787878787878788	5
chr2	199436782	+	1	CCCACTCTATGT	48	54	0.8888888888888888	7
chr2	199450344	-	1	CTAGAAAGAAAC	83	94	0.9540229885057471	5
chr2	200405981	+	1	AACTGTACCGTA	86	94	0.9247311827956989	8
chr2	201327089	+	1	CTGTGCTACATT	145	155	0.9415584415584416	10
chr2	204533840	-	2	TCGGTTAGCATC	56	67	0.8615384615384616	10
chr2	207801227	-	1	ACACACTATTAT	46	50	0.92	5
chr2	207807347	-	2	TATCACATCCCT	1	1	0.5	2
chr2	207940668	+	1	GAAGTCAGTAGT	66	74	0.42038216560509556	8
chr2	209579386	+	1	CCATGTCGGGGG	8	8	0.8	3
chr2	211965345	-	1	GGTGGCTTGAGC	38	45	0.9047619047619048	5
chr2	214476325	-	1	AGGTCTTAAATT	6	6	0.75	3
chr2	218038074	+	1	ACGGACTACGTT	67	74	0.8933333333333333	9
chr2	218648616	+	1	TGGTACCTCGAT	61	70	0.8970588235294118	8
chr2	219836916	+	1	CACTCGAAAAAT	16	17	1	1
chr2	221595294	-	1	TCTAGCTGATGT	70	74	0.8433734939759037	13
chr2	221857629	-	1	GGTGAGGATGAA	23	24	0.7931034482758621	7
chr2	224574841	+	1	CGGGCCTTCCTT	31	36	0.8857142857142857	5
chr2	226782023	-	1	AAGGATAAGGGT	37	40	0.7708333333333334	12
chr2	227305730	-	3	AGCCTGTGGCGG	61	64	0.9104477611940298	7
chr2	230957233	-	1	GGGGTCACGTCA	2	2	1	1
chr2	233209798	-	1	AAAGAAAGTCCA	14	16	1	1
chr2	234929580	-	2	GCCATCATGGTA	314	336	0.9721362229102167	9
chr20	1388176	-	1	GTAAATATGAAT	11	11	1	1
chr20	3160055	+	1	CAAAAAAACAAT	20	23	0.9090909090909091	3
chr20	3891806	-	1	ACTGATAGAGAG	33	36	0.868421052631579	6
chr20	12833851	+	1	GTGCTGAGCCAA	174	195	0.90625	19
chr20	15250013	-	1	ACAGGTGGTCCG	100	110	0.9259259259259259	9
chr20	20016976	-	1	ATCAGATGTGGG	17	21	0.6538461538461539	10
chr20	20564058	+	1	GCTCGTTACTTT	48	49	0.5454545454545454	10
chr20	33436539	+	1	TATGCCATATAT	12	12	0.8	4
chr20	33993080	-	1	ATCTTTGTATCG	19	21	1	1
chr20	37808189	-	1	ACACATACAGAC	57	60	0.9344262295081968	5
chr20	38696209	-	1	TGTGTGGAGCAT	6	6	0.6	5
chr20	41513137	-	1	TTGACTCGCTTC	11	12	0.9166666666666666	2
chr20	41560535	-	1	AGTTGGTCTACG	18	21	0.9473684210526315	2
chr20	44996795	-	1	ATTCGATTGTCT	37	41	0.9736842105263158	2
chr20	49566609	-	1	GGGATAGCTTTC	11	12	1	1
chr20	50513269	-	1	CACATATGTCAC	165	189	0.8918918918918919	21
chr20	51605318	-	1	ATAGAACCTATT	53	60	0.8833333333333333	8
chr20	52484848	+	2	AGTGATGTAGGG	71	81	0.8765432098765432	10
chr20	53320463	+	1	ACTGTGTCAGTC	9	10	1	1
chr20	53589830	+	1	CTTTGGTAGTGT	205	231	0.9579439252336449	10
chr20	56797917	-	1	CCTCGCGTGAGC	142	160	0.9161290322580645	14
chr20	63129662	+	1	TATGACGCCGAT	50	55	0.8771929824561403	8
chr21	6257576	+	1	GGCTGACAGTGT	8	9	0.5714285714285714	6
chr21	6342293	-	1	TATTTGGGGGCG	15	17	0.46875	10
chr21	10419139	-	1	CCCCATTGTTCT	64	76	0.8648648648648649	9
chr21	16195657	+	1	GCGTAGTGAACC	70	78	0.9210526315789473	7
chr21	18602717	-	1	CCTGTCCCCCTC	10	11	0.8333333333333334	3
chr21	19859931	+	2	ATATAACTTTAC	82	92	0.9761904761904762	3
chr21	19907324	-	1	GGGCTTTCGTGC	83	93	0.9021739130434783	9
chr21	22382322	+	2	TTTAGTAAATTT	19	22	0.6785714285714286	8
chr21	22400178	-	1	CTGGGTTGCTCG	114	129	0.9344262295081968	9
chr21	25193881	-	1	GCTTGCCACGAG	49	55	0.9245283018867925	5
chr21	25253823	-	1	CGGGTGTCTCCG	168	196	0.9491525423728814	9
chr21	26131411	-	1	CTACTGCCGCAA	350	381	0.9234828496042217	29
chr21	26925086	-	1	ATGGCTCAGATG	14	14	1	1
chr22	15858348	-	1	AACATGGTTACA	123	133	0.7454545454545455	17
chr22	16725594	+	1	CATGGCGCATGG	24	27	0.9230769230769231	3
chr22	20380966	-	1	TAATATTAAGCG	20	22	0.8333333333333334	4
chr22	20958863	+	1	TTACGCCTAGCG	13	14	0.8125	4
chr22	22143911	-	1	TCTATCTCTATG	59	64	0.8309859154929577	13
chr22	23488324	-	1	ACCATGCGCAAA	19	20	0.6785714285714286	10
chr22	23702793	+	1	CGGCTCTATGTG	29	34	0.90625	4
chr22	31448060	-	1	GACGGCGGAGTG	73	78	0.8690476190476191	12
chr22	32312971	-	1	TGGTTATAGTCA	4	4	1	1
chr22	32456577	+	1	ATAGACAGGAGG	2	2	1	1
chr22	33969183	+	1	TTCAATGGCGGA	49	51	0.9423076923076923	4
chr22	35949880	+	1	TTTATGTTCCCG	7	7	0.4666666666666667	3
chr22	36740366	+	1	GTGTAGTAGTAG	7	7	0.6363636363636364	5
chr22	38492991	-	1	GAGGTCAGGTGA	75	84	0.8928571428571429	10
chr22	40606453	-	1	ATATCTATTATC	88	91	0.8073394495412844	20
chr22	40825038	+	1	GTGCGGTAAATT	40	44	0.8888888888888888	6
chr22	41170381	+	1	GCGATCAATCTT	28	31	0.8	8
chr22	45069197	-	1	AGACCAAGTTTG	2	2	1	1
chr3	1464888	+	1	GTAGCCCGTTTT	22	22	0.8461538461538461	5
chr3	2924260	+	3	GATTATACGCAC	211	244	0.9295154185022027	14
chr3	4724331	+	1	GCCAAGGGTGCG	144	155	0.9290322580645162	12
chr3	4795717	+	1	ATTGGATGTTGG	24	24	0.8571428571428571	5
chr3	6315035	+	1	TGAAACGTACTG	32	34	0.8888888888888888	5
chr3	6421594	+	1	AGGTCTTCGCTC	37	41	0.9487179487179487	3
chr3	16695974	-	1	TCGCACGAGCCC	23	25	0.92	3
chr3	16922224	+	1	GCGTATCTTAGA	159	198	0.9464285714285714	10
chr3	17033240	+	1	GCCCATGCCGGC	35	37	0.9459459459459459	3
chr3	17919727	+	1	GGGCCGGAGGAC	52	57	0.9454545454545454	4
chr3	21384726	-	1	CGACTCTTTTTC	32	37	0.9142857142857143	4
chr3	22099448	+	1	TTGTCAACTTTG	127	141	0.9338235294117647	9
chr3	23233355	+	1	TGGTCCACCATC	95	105	0.9693877551020408	4
chr3	24307761	-	1	TTGAAGGGAAGG	92	107	0.92	9
chr3	25098913	+	1	AACTCTTGTAAT	10	12	0.8333333333333334	3
chr3	25789987	-	1	GCGTACGAGAAT	39	45	0.8478260869565217	8
chr3	26996635	-	1	GGATTAATACTG	20	21	0.9523809523809523	2
chr3	27311880	+	1	GGATGAGCAGTC	24	27	0.9230769230769231	3
chr3	28351432	+	2	GAGTAAGTGATT	51	55	0.8793103448275862	8
chr3	28724220	+	2	AACGAAAGATGT	225	272	0.9574468085106383	11
chr3	29946047	+	1	CAAAAGTCCGGT	13	16	1	1
chr3	31238702	+	1	TATCACGCGGTG	25	26	0.8064516129032258	7
chr3	32445948	-	1	AACAGCGGCCAT	32	37	0.9142857142857143	4
chr3	33299717	+	2	ATTCAAGAACGT	112	129	0.8818897637795275	14
chr3	35749687	+	1	TCGACCTCGAGA	10	10	0.6666666666666666	6
chr3	36882304	+	1	ATCTCTGATTAT	38	40	0.9743589743589743	2
chr3	37070893	+	1	TGACGTGGCCTA	2	2	1	1
chr3	40264968	+	1	ATGTAAGGGCGT	54	58	0.9642857142857143	3
chr3	41894228	-	1	CACAAAGGTCGG	28	30	1	1
chr3	41937787	+	1	GATTATGCCGTT	166	178	0.9485714285714286	10
chr3	42043093	+	1	ATCAGTACACGT	12	13	1	1
chr3	47080800	-	1	GTCCTTGTGATT	11	13	1	1
chr3	49419658	-	1	CTTTAATGTTAA	5	5	0.5	6
chr3	50083852	+	2	CTCGGTTTCGAA	60	69	0.5555555555555556	28
chr3	53512021	-	1	CTGTCTATCGTA	33	38	0.8461538461538461	7
chr3	56263362	+	1	CCGCGCTGAGTG	25	26	0.8928571428571429	4
chr3	57925186	-	1	TTAATTTTACCA	45	48	0.8823529411764706	7
chr3	60052457	+	1	CAGTGTCATCTC	1	1	1	1
chr3	61414787	+	1	CATAGACGTCTG	35	40	0.9722222222222222	2
chr3	61683000	+	2	TGTACTAAGAGA	162	199	0.9257142857142857	14
chr3	61741228	+	1	CAAAGGTTCGTA	85	104	0.5414012738853503	14
chr3	61895385	+	1	TCGCCTTGGAAC	104	116	0.9541284403669725	6
chr3	62880768	-	1	TGTTCTGTATCC	40	45	0.9302325581395349	4
chr3	65480902	-	1	ACCATCCTCGCC	11	11	1	1
chr3	67478851	+	1	CCGGTGCCTGCA	69	73	0.8961038961038961	8
chr3	67976877	+	1	TCGGACAGCTCG	33	35	0.9166666666666666	4
chr3	69764511	+	1	AGAAGACAGATT	133	157	0.9300699300699301	11
chr3	70381356	+	1	CAGAGCTGTAGT	523	573	0.9306049822064056	39
chr3	70466927	-	1	TTAGTATTCGTC	87	106	0.90625	10
chr3	71299982	-	1	ATGGTAACGCGA	300	331	0.7692307692307693	54
chr3	72586501	-	1	ATTTGGCAATTG	10	10	1	1
chr3	74018073	+	1	CCGGGAGCAGAG	1	1	1	1
chr3	74449313	+	1	ACCCATGGCTTG	105	113	0.9130434782608695	11
chr3	74832557	-	1	CACAGGTGTGCT	36	37	0.9473684210526315	3
chr3	75224974	-	1	CGACGATGGGCT	14	17	1	1
chr3	75436317	+	1	ATAGTAATTCAG	6	6	0.8571428571428571	2
chr3	77446540	+	3	TTAATTCTTAAG	186	208	0.9253731343283582	16
chr3	78179072	+	1	GGCAGTGCTTTC	132	146	0.9361702127659575	10
chr3	78726531	-	1	GTATTCGGTTAG	1	1	1	1
chr3	78749143	-	2	CCTATTTATGTC	41	50	0.9534883720930233	3
chr3	79828235	+	1	ATCGTGACAGGT	72	84	0.5294117647058824	21
chr3	84052204	-	1	TTTGGGAATGCA	13	16	0.9285714285714286	2
chr3	84109734	+	1	GGAGTGGTTGGT	104	113	0.9369369369369369	8
chr3	84132839	-	1	TAGTACCTAATG	17	19	0.9444444444444444	2
chr3	87123408	-	1	GGAGTCGATGCA	85	98	0.9550561797752809	5
chr3	88469060	+	1	AATATCTAGCGA	20	22	0.9090909090909091	3
chr3	89641706	-	1	TGATGGTGGTTG	54	58	0.9152542372881356	6
chr3	90033611	+	1	CTCTTCGGATAG	59	65	0.921875	6
chr3	95213345	+	1	TGTCTATATTAA	16	19	0.9411764705882353	2
chr3	95710649	-	1	GCCAGGTATCTA	63	75	0.9402985074626866	5
chr3	96127988	-	1	ATCGAGCTGGAG	184	210	0.9387755102040817	9
chr3	97266136	-	1	TTTGATTAGTCG	33	37	0.9166666666666666	4
chr3	97282103	+	1	GAAGTCAGTAGT	85	98	0.5414012738853503	8
chr3	99408712	+	1	CATATGTATTGT	261	280	0.9288256227758007	20
chr3	100814242	-	1	GACGTAGACGTG	301	338	0.9585987261146497	14
chr3	101780437	-	1	TGCGTCAACATA	103	109	0.9716981132075472	4
chr3	101925829	-	1	TAGCCACGTCGG	43	47	0.43	13
chr3	103018524	+	2	AATTAAGAGCAA	67	80	0.9054054054054054	8
chr3	105874040	+	1	TGGTTTGTCTTG	264	301	0.9295774647887324	21
chr3	106606897	-	1	TGTGAGAAATCG	194	219	0.9371980676328503	14
chr3	107685678	-	1	CTCCGAATTACG	136	143	0.9714285714285714	4
chr3	108175804	+	1	ACTGTATCGTTG	57	63	0.8636363636363636	8
chr3	108962197	+	1	CATTTGAGCTAG	33	36	0.8918918918918919	5
chr3	109001934	-	1	CTGAATGTGAAA	68	73	0.85	13
chr3	109355677	+	4	GCAAAGGCATGG	43	45	0.7678571428571429	14
chr3	109604055	-	3	ACTAGATGAAAC	226	258	0.8968253968253969	24
chr3	109880217	+	1	AGCTTATCCTCC	121	130	0.968	5
chr3	113531842	-	1	GCCTTTTAGCGA	157	190	0.9691358024691358	6
chr3	114558012	+	1	GCAGCTGTAGCT	151	168	0.9741935483870968	4
chr3	119919975	+	1	CAGTTCGGTCCT	73	88	0.9358974358974359	6
chr3	120028646	-	1	TAGAGAGTTACT	47	54	0.8703703703703703	8
chr3	121035058	+	1	CGTCAATAGATT	42	44	0.9545454545454546	3
chr3	122893080	+	3	TCTTTACAGTAT	103	124	0.8956521739130435	13
chr3	124561201	-	1	TTTTTGTCTACT	32	35	0.9696969696969697	2
chr3	128784895	+	2	TTACTCGAGCCT	79	96	0.9634146341463414	4
chr3	132353227	-	1	CCTTTAGAAATA	5	6	0.8333333333333334	2
chr3	132464381	+	1	AAAGAACAACTG	295	326	0.921875	25
chr3	134407447	+	1	TTGATAGCGTAT	135	150	0.9440559440559441	9
chr3	136159076	-	1	TAGCAGCCGGGT	7	8	1	1
chr3	137108949	-	2	GAGCCTAACTCG	70	85	0.7865168539325843	20
chr3	137758101	-	1	GGGCCTTAAACC	72	80	0.9473684210526315	5
chr3	140798494	+	1	TTGGGGATCATG	137	167	0.9647887323943662	6
chr3	143051230	-	1	CCACCCTAGTCC	148	170	0.9548387096774194	8
chr3	143962055	+	2	TATCATTCTGTG	142	156	0.4507936507936508	21
chr3	144210944	+	1	AGCCTATTTGGA	12	14	1	1
chr3	148671430	+	1	CTAAAGGCTGGC	2	2	1	1
chr3	149376612	-	1	TGTACGGTGTTT	47	49	0.9215686274509803	5
chr3	150058312	+	1	TTTATCAGTTTG	88	96	0.9263157894736842	8
chr3	150164581	+	1	TGCGATTACATC	113	122	0.9112903225806451	11
chr3	150335937	-	1	TGTTATGGAATG	273	294	0.931740614334471	21
chr3	154548761	-	1	CGGAGAGGGGCG	120	135	0.9230769230769231	11
chr3	154978528	+	1	CATTGTACATCT	68	71	0.918918918918919	7
chr3	155174662	+	2	CTTGTACTGACT	427	487	0.9282608695652174	34
chr3	157244629	-	2	TGGAGATGTAAT	140	158	0.8805031446540881	20
chr3	158701072	+	1	GAATAACGATGC	29	34	0.9354838709677419	3
chr3	163340561	-	1	CCGGCTGCTGAC	1	1	1	1
chr3	165800446	-	1	TGTTGGATCTAA	71	82	0.9594594594594594	4
chr3	165939352	-	1	ACTGCGGCTATG	20	20	1	1
chr3	166522571	-	1	CAGCTTACAAAA	20	24	0.9523809523809523	2
chr3	166608784	+	1	AATAACTGTGGT	101	107	0.9351851851851852	8
chr3	167421233	-	1	TGTTTGCATTGG	42	50	0.9333333333333333	4
chr3	170881422	-	1	ACCTTATTTTTA	47	50	0.9038461538461539	6
chr3	173046905	-	1	CCTCCTAATTCA	57	62	0.9193548387096774	6
chr3	177089106	+	2	TGTGGTGTGCAA	146	166	0.9299363057324841	12
chr3	177539827	+	1	GATAGTCCGCAT	145	162	0.9539473684210527	8
chr3	178806531	-	2	GGTTGCGGATAC	166	187	0.9378531073446328	12
chr3	181809628	+	4	TGGCGTGCTGGG	123	148	0.8723404255319149	16
chr3	182141118	-	1	GATTACTTGATA	76	84	0.9047619047619048	9
chr3	183520645	-	1	AGCTGACGACCC	26	32	0.9285714285714286	3
chr3	187706458	-	1	CTTACGATAGCA	36	37	0.8780487804878049	5
chr3	188380921	-	1	TGCACCTCGTAG	33	34	0.9428571428571428	3
chr3	190541818	-	1	CCCGTCTTATAC	72	88	0.96	4
chr3	191926576	+	1	CTGTTACTGTTT	84	92	0.9230769230769231	8
chr3	192162614	+	2	AATTGCCACCGT	120	136	0.9375	9
chr3	193241723	+	2	GAGTGACGGTCC	72	85	0.8372093023255814	14
chr3	195409537	-	2	ATCTGTAGTAGC	60	73	0.8695652173913043	10
chr3	195441280	+	1	TGTCTGACGGTG	6	7	1	1
chr3	196569495	+	1	GAGATTCCGATG	5	6	0.625	4
chr3	196899664	+	2	CTGTTCAATACT	27	31	0.9	4
chr4	2960501	+	1	GAAGCTTGGGAT	7	8	1	1
chr4	13410581	-	1	AGATCTGAGTGG	108	119	0.9473684210526315	6
chr4	13427243	-	1	CAGGAGACAGAC	160	175	0.9302325581395349	13
chr4	22700211	+	1	TTGCGAGGGTGG	51	55	0.9622641509433962	3
chr4	22746813	-	1	TGGGTGAGTTCT	75	87	0.9259259259259259	7
chr4	27042628	-	1	CTTGTTTATGGC	87	92	0.9560439560439561	5
chr4	27758396	+	1	TCAATATACCCA	85	94	0.9239130434782609	8
chr4	29806270	+	1	CGTCCATCGTTA	18	20	0.8181818181818182	5
chr4	30155303	-	1	GGTGGGAAGCTG	136	164	0.9315068493150684	11
chr4	31020600	+	1	CGTCGAGTTAGT	250	280	0.9398496240601504	17
chr4	32488878	-	1	TCTTCCATCTCC	137	164	0.9256756756756757	12
chr4	33355654	+	1	ATGAGTTGCCTT	117	131	0.9435483870967742	8
chr4	36207648	-	1	GATGGTATGTCA	111	125	0.9487179487179487	7
chr4	41103374	+	2	CACACAGTCAAT	140	157	0.9459459459459459	9
chr4	42454093	+	1	CATTTTTTGTGC	121	135	0.8832116788321168	17
chr4	45346442	+	1	AATCTAGGCTTA	20	21	1	1
chr4	47856413	+	1	TTGTCTACTGGT	116	131	0.9747899159663865	4
chr4	48796196	+	2	GTTGTCCAGGTA	54	60	0.8571428571428571	9
chr4	54971336	+	2	CAAAGTCACCAT	26	28	0.9285714285714286	3
chr4	58521121	-	1	CCTGACTCAGAA	141	160	0.8980891719745223	16
chr4	60404008	-	1	CATGTGCCTACA	22	26	0.8461538461538461	5
chr4	61282852	-	1	GGACACAGCGAG	187	197	0.9444444444444444	12
chr4	62319229	+	1	GCCATACTGTAG	36	38	1	1
chr4	69038965	+	2	GTCTTCAGACTT	46	51	0.92	4
chr4	70657546	-	1	CATTGTCCGAGC	90	95	0.9473684210526315	6
chr4	73124776	-	1	TACGTTGCTAGA	75	78	0.9259259259259259	5
chr4	73424178	+	2	CGTCCTTGCGAT	162	186	0.9101123595505618	17
chr4	76028425	-	1	ACGTGTACGTAG	74	82	0.925	7
chr4	76438002	+	1	GTTACATATGGT	4	4	1	1
chr4	76761555	+	1	GATACGGTTTAA	56	61	0.9333333333333333	5
chr4	76892242	+	1	CCGTGTGAGCTG	42	47	0.84	9
chr4	77436791	+	1	TAATACTCTTCC	110	128	0.9821428571428571	3
chr4	78572165	+	1	ATGGGTGGGAAA	79	88	0.9186046511627907	8
chr4	78629796	+	1	GGAAGGGTTTTG	41	44	0.8723404255319149	7
chr4	79922381	+	1	ACGAAATACGTT	150	170	0.9259259259259259	13
chr4	80009033	-	1	GTTGTTCCTGTG	24	26	0.75	2
chr4	80215683	+	1	CGGGAAGTACCA	84	102	0.9230769230769231	8
chr4	82500901	+	1	GGACATGCTCCG	36	40	0.9230769230769231	4
chr4	84933057	-	1	ATTGACGCACTA	131	145	0.9492753623188406	8
chr4	86293776	-	1	GGGCCCCTGGTG	38	42	0.95	3
chr4	88190425	+	1	TAACGAGCTATG	4	4	0.6666666666666666	3
chr4	88907537	-	1	CAACTGCGCTGA	12	14	0.8	4
chr4	89909923	+	1	CCAGCACTAGCA	141	163	0.9527027027027027	7
chr4	89998279	-	1	TAACAGCTCTAT	121	136	0.9307692307692308	10
chr4	90984771	-	1	TTTTGTGAGGTG	62	71	0.9393939393939394	4
chr4	95429162	-	1	CTAGGTGGCCTT	21	22	0.9545454545454546	2
chr4	98863901	-	1	TAACGACTGTTA	49	55	1	1
chr4	99411622	+	2	ACCTAAGCGTTA	67	79	0.881578947368421	10
chr4	101126740	+	3	GGTTGGTTCGCT	52	57	0.9122807017543859	6
chr4	104593310	+	1	AAATCCTAGAAC	248	282	0.915129151291513	23
chr4	105145942	+	1	TTTGCGCAGCAC	84	93	0.9333333333333333	7
chr4	105514797	+	2	ATGATCAAAGCC	103	112	0.9626168224299065	5
chr4	106178137	-	2	TATACCAGGGAA	96	107	0.9320388349514563	8
chr4	107599832	+	1	CTGTGTTACCTA	147	162	0.9363057324840764	11
chr4	110274323	+	1	TATAGCGTACAC	41	44	0.8723404255319149	7
chr4	110922748	-	1	AAGCCGACTCTC	90	109	0.9375	7
chr4	112765531	+	3	GTCTTATTGAGA	22	24	0.88	4
chr4	113270903	-	1	GGATTGTGCGGT	25	27	0.9615384615384616	2
chr4	113409717	+	1	TCCAATGTAGAG	234	252	0.9590163934426229	11
chr4	113755796	+	1	GGGGTAGCTCTT	157	185	0.9691358024691358	6
chr4	113839610	+	1	CTTGCTTACCAG	144	155	0.9536423841059603	8
chr4	115687624	+	1	ATATGCGTTGCC	14	17	1	1
chr4	115741076	+	2	TCAGTGAGTTCG	237	278	0.915057915057915	22
chr4	117358682	+	1	TATCATTCTGTG	154	167	0.4888888888888889	21
chr4	118399714	+	3	TGCCCATCGCGT	193	214	0.946078431372549	12
chr4	121800052	-	1	TAGGAGCATCTT	21	22	1	1
chr4	129090642	+	1	GGGGATTTACCT	84	91	0.9438202247191011	6
chr4	130111726	+	1	AGTGAGGCCTTT	147	161	0.9363057324840764	11
chr4	132034991	-	1	CATGGGTTCAAT	1	1	1	1
chr4	133714892	+	1	TGAATTTACTGT	38	43	0.9743589743589743	2
chr4	136414438	-	1	TACGGCACATCG	70	80	0.958904109589041	4
chr4	137235086	-	1	TCTGAGGGTTCG	31	35	0.8611111111111112	6
chr4	137314370	+	1	ACGGTCCGCATG	515	559	0.9163701067615658	48
chr4	137518643	+	1	GATATGATTTTT	62	64	0.6458333333333334	12
chr4	137707967	+	1	GCGATGTTTGTG	193	211	0.9507389162561576	11
chr4	138623712	-	1	AGAGTAGGCGCA	39	40	0.8666666666666667	7
chr4	139197915	-	1	TACTAGTATGTA	78	87	0.9512195121951219	5
chr4	139665208	+	1	AGGTGGTCAGGC	23	25	0.92	3
chr4	140523578	+	4	GAGTGGCAGCCT	312	342	0.9454545454545454	18
chr4	141130970	-	1	GTCTGTGTATAC	5	5	1	1
chr4	142153965	+	2	GGACATCATGGA	118	141	0.7662337662337663	13
chr4	142389708	-	1	TATTGCTGCTGT	203	215	0.9227272727272727	18
chr4	144738196	+	2	CAGAAGTGTTAA	72	82	0.9	9
chr4	145066300	+	1	GGGTAAGTGTCT	75	87	0.872093023255814	12
chr4	148306630	-	1	GACGCTCCGACG	2	2	0.5	3
chr4	150070589	+	3	CTGTCCGAGGCA	141	154	0.9463087248322147	9
chr4	152349422	+	1	CAGGTCTTTTTG	49	55	0.9607843137254902	3
chr4	153274533	+	2	TAGCGCGCGACG	100	110	0.7518796992481203	8
chr4	154347453	-	1	TTTGTCCGTAAA	129	142	0.9416058394160584	9
chr4	156057706	-	1	CCGAGGAATATT	21	22	0.84	5
chr4	156340776	+	12	ATCACAACCGAT	735	817	0.8823529411764706	97
chr4	156999414	-	1	CCGGTTCGCAGC	22	27	0.88	4
chr4	159407334	-	1	TGTTTTTACCTC	11	13	0.8461538461538461	2
chr4	161554856	+	2	AACTACTTTAGT	96	109	0.9504950495049505	6
chr4	161598017	-	1	GGCTGTAATAGC	100	107	0.8928571428571429	13
chr4	163548432	+	1	ATGTGTGGTGTT	161	175	0.9415204678362573	11
chr4	164637725	-	1	AATAAAGGCGTC	87	100	0.8969072164948454	11
chr4	164876905	-	1	TCGGAAAGGTAG	71	85	0.8765432098765432	11
chr4	167857000	-	1	GAGACGAGCCGG	53	56	0.9636363636363636	3
chr4	169403946	-	1	GAGGAGGGTGTG	40	41	0.975609756097561	2
chr4	169435041	+	2	GTGATATACTAT	145	161	0.8734939759036144	16
chr4	169526185	-	1	GCGGGACTGAAC	77	90	0.9506172839506173	5
chr4	169544916	-	2	AGTGATATATTG	176	194	0.8844221105527639	24
chr4	171024144	+	2	ATCTGAAGCTTG	198	219	0.9041095890410958	21
chr4	175995786	+	1	TCAAGGTGTCTC	25	30	0.8928571428571429	4
chr4	176279079	-	2	ATGGCTAATCGA	61	69	0.8356164383561644	13
chr4	177072690	-	1	TGGACCATGAAA	43	49	0.8958333333333334	6
chr4	179439138	-	1	AAGTGCGTTTTG	192	204	0.96	9
chr4	179928571	+	1	CAGACACTTGGG	36	41	0.9230769230769231	4
chr4	180941784	-	1	CGTGTGCGGGGA	193	208	0.910377358490566	20
chr4	180947793	+	1	TAACCGTTGTTT	26	29	0.9629629629629629	2
chr4	181834397	-	1	CTCTAGGTTTCA	8	9	1	1
chr4	183165423	-	1	TGCGAGGCTGCC	28	31	0.9333333333333333	3
chr4	187122057	+	2	GTAACGACCGAC	25	29	0.9259259259259259	3
chr5	2915463	-	1	TCCTAACTGAGG	31	32	0.8378378378378378	7
chr5	6366780	+	1	ATCCTGCTTTGG	40	45	0.8888888888888888	6
chr5	8577729	+	1	CATATTTGATCT	16	17	0.9411764705882353	2
chr5	15526463	-	1	ATTCTTAAGGAT	35	38	0.875	6
chr5	16712860	+	1	ATTCAATGATGG	80	85	0.9876543209876543	2
chr5	16741019	-	1	GGGGTGTAATTT	38	44	0.8837209302325582	6
chr5	16741388	-	1	CGAGCATTCTTG	15	16	0.9375	2
chr5	17059390	-	1	CTCACCTTACTT	7	7	0.7	4
chr5	27774754	-	1	CAGAAAAGATAG	1	1	1	1
chr5	29797897	-	1	CGCTGTTACGTC	51	53	0.75	17
chr5	30097859	+	1	CGAACGGCACGA	111	125	0.940677966101695	8
chr5	30157388	-	1	TTCGGGGTTCAC	189	214	0.9310344827586207	15
chr5	30490419	+	1	ACCATCGATATG	11	13	0.4583333333333333	9
chr5	30516016	+	1	GTCTTAAGCAGA	9	9	1	1
chr5	30985899	+	1	CGGTAGGCTGGG	28	32	0.9333333333333333	3
chr5	31327887	-	1	TTTAGTGGTCCA	46	53	0.9019607843137255	6
chr5	32501730	-	1	GTTTTGCGTCGC	36	40	0.8	10
chr5	33441623	-	1	TGTAAGTATCCT	50	60	0.8620689655172413	9
chr5	33488603	+	1	TTTCCAAGGTTG	54	60	0.8852459016393442	8
chr5	35287091	-	1	TCGCTCAAGGGT	59	69	0.9833333333333333	2
chr5	35489558	-	1	CCAATGGGGATG	142	166	0.9594594594594594	7
chr5	36260601	-	1	TAAACTCATTGG	16	17	0.9411764705882353	2
chr5	37004230	-	1	GTATGACGGTGT	40	42	0.8695652173913043	7
chr5	39222512	-	1	TCTTGTTTCAGT	29	31	0.8529411764705882	6
chr5	40580284	+	1	AGTCAAACTCGT	24	26	0.9230769230769231	3
chr5	41915084	+	1	AAGATGGTACCC	5	6	1	1
chr5	43084198	+	6	TTCAACGGTCTC	138	157	0.8961038961038961	14
chr5	50548982	-	1	ACGGATATAATC	2	2	1	1
chr5	52945350	-	1	AAATGCTGGCAT	78	89	0.8571428571428571	14
chr5	53935022	-	1	TCTCACAATATC	53	60	0.8983050847457628	7
chr5	55707636	+	1	TTAGTCGACCAC	20	23	0.8333333333333334	5
chr5	56412963	+	1	TCGTTATCATTC	107	118	0.9553571428571429	6
chr5	56833822	+	1	TACTTGCGCGTC	33	36	0.9428571428571428	3
chr5	57205481	+	1	GAGGTCAATCAG	98	106	0.9423076923076923	7
chr5	59007267	-	1	GTTTCGGATGTG	253	291	0.933579335793358	19
chr5	65953951	-	1	CCGTTGCTCTGG	61	65	0.9384615384615385	5
chr5	66729421	+	1	GTTTTGGCTTCC	75	82	0.974025974025974	3
chr5	68998290	-	1	ATTAGTATATCA	10	10	0.7692307692307693	3
chr5	69202461	+	1	GTCGCTATGCAA	100	110	0.5952380952380952	16
chr5	70995991	-	2	GACAAGTAGTAT	6	6	0.46153846153846156	6
chr5	72145171	+	1	TTATCTCCTAAT	51	57	0.8947368421052632	7
chr5	73822103	+	2	CACCTTTGAGGT	82	95	0.845360824742268	15
chr5	74816980	+	1	TGCTTTTTTGAG	230	283	0.8984375	26
chr5	74973198	-	1	AGGGACTCGTTC	41	47	0.9534883720930233	3
chr5	75598010	-	1	TTAACGTGGAGG	47	52	0.94	4
chr5	78132039	-	2	AACACGTCCTGT	105	124	0.9375	8
chr5	79403018	+	1	ATGGGGCTTACT	130	143	0.9027777777777778	14
chr5	82293647	+	2	CCGTCTATTTAA	119	143	0.9224806201550387	10
chr5	82967338	-	1	AGGTCATCAGTT	6	6	1	1
chr5	87402424	+	2	TTGACGATCTGC	70	78	0.8974358974358975	8
chr5	87880998	+	2	GCCCGATGATCG	160	185	0.9580838323353293	8
chr5	88231281	+	1	ACCTCCTAGAAC	24	26	0.9230769230769231	3
chr5	88373247	-	1	TACATTCGCTAG	145	163	0.9294871794871795	12
chr5	88741213	-	1	GACCCTGATGGT	222	245	0.9568965517241379	11
chr5	89087006	+	2	AAATGCAGTCAT	77	84	0.9058823529411765	9
chr5	91613539	-	1	TCTGACATGAGT	100	109	0.8771929824561403	15
chr5	92676580	+	1	GCTATAGGAGTG	84	89	0.9032258064516129	10
chr5	94588204	+	1	CATACGCTGCGA	72	79	0.8181818181818182	14
chr5	95768762	-	1	AGAATAGGACGC	61	66	0.953125	4
chr5	96689391	+	1	TAGGGGAGGCAC	93	113	0.9789473684210527	3
chr5	97020324	-	1	TTCGAATGAAAT	33	36	0.44	11
chr5	97658758	-	1	AACTACGGCACC	66	77	0.8571428571428571	11
chr5	97957402	-	1	ACTACGAGAAAT	277	314	0.9389830508474576	19
chr5	98933408	+	2	CTGTCGTTTGTA	47	50	0.8867924528301887	6
chr5	104246292	-	1	CAGGTGGCCCTA	93	101	0.9587628865979382	5
chr5	104408268	-	1	CAAATATGAGAT	9	9	1	1
chr5	105132191	+	1	CGCTCTGCCGGT	76	87	0.95	5
chr5	105280201	+	2	CGGTTATAACTC	196	219	0.9468599033816425	12
chr5	106402978	+	1	CCCGCCAATACT	314	360	0.9515151515151515	17
chr5	107703819	-	1	GTGTAGAGTCCT	66	74	0.9428571428571428	5
chr5	109741894	+	2	GACATGCTGCTT	17	19	0.9444444444444444	2
chr5	113417440	+	2	GTGATTCTCGTC	129	153	0.8431372549019608	25
chr5	116588400	+	1	ACACCTTGAGGC	83	96	0.9431818181818182	6
chr5	117490733	-	2	CGTTCTACTCGC	56	67	0.9180327868852459	6
chr5	120751920	-	1	AGGCTGAGGTTG	238	255	0.9333333333333333	17
chr5	121339111	+	2	CTAAGGCATGAC	205	236	0.9761904761904762	6
chr5	122028718	+	3	GCATGCGGGTAT	57	66	0.8142857142857143	9
chr5	123448605	-	1	CCCAGTAAGCGT	29	32	0.8787878787878788	5
chr5	125042550	+	2	CCTGTACCTAGT	64	74	0.8888888888888888	9
chr5	125451890	+	1	AGCTTGTGCGCA	21	23	0.9130434782608695	3
chr5	126403948	+	1	TTATCACGTATT	15	17	0.8333333333333334	2
chr5	128746205	-	1	ATTTGGGATACC	67	77	0.9436619718309859	5
chr5	128986987	-	1	GTCAGATATTTC	313	347	0.9233038348082596	26
chr5	130158446	+	1	GGGGAAAACATT	116	138	0.8992248062015504	14
chr5	131279134	-	1	TCTTATAAATAG	128	143	0.9343065693430657	10
chr5	131681976	+	1	CACACGCATGAT	27	28	0.9642857142857143	2
chr5	133636764	-	1	GAAGTATGATTC	110	119	0.9565217391304348	6
chr5	134648276	+	4	ATTTTATGCATT	48	53	0.8727272727272727	8
chr5	135401883	+	1	ACAGAAAGAGCG	33	36	0.8048780487804879	9
chr5	137299178	-	1	CTGTCTGGTTTT	115	127	0.9663865546218487	5
chr5	138027421	-	1	GATAAAGGTCTG	66	75	0.9166666666666666	7
chr5	140115537	+	2	GTGCGGTTGGGG	8	9	0.8	3
chr5	140664573	+	4	AAATACAGCCAT	22	26	0.7096774193548387	9
chr5	142025736	+	1	GTTTACCCGTTG	46	50	0.92	5
chr5	146304212	+	2	TCATTGCTTCCT	49	57	0.875	8
chr5	147258615	+	1	GTCAGCTGCAAT	21	22	1	1
chr5	152171621	-	1	TGAAGGATCATA	53	59	0.9464285714285714	4
chr5	157858058	-	1	AAACTGAATAAC	1	1	1	1
chr5	161955794	+	1	CCCGGCGGGGCT	8	8	1	1
chr5	163738565	+	1	GGGTTTTATAAA	9	9	0.8181818181818182	3
chr5	164474645	-	1	TCCTACTGTATG	9	11	0.8181818181818182	3
chr5	166032240	+	1	GCTCTAGTAGTT	22	27	1	1
chr5	166178989	+	1	CGCAGGGATGGC	86	91	0.945054945054945	6
chr5	166272240	+	1	GGGATAGTAATT	71	78	0.9466666666666667	5
chr5	166321212	+	1	TCGCGTATATTG	32	37	0.8421052631578947	7
chr5	166476716	-	1	AATCCTGTTTAA	116	129	0.9133858267716536	12
chr5	167010946	-	1	TCTATCCTATAT	142	158	0.8502994011976048	26
chr5	173289094	+	1	CGATGAGTTTCA	28	30	0.9655172413793104	2
chr5	175230955	-	2	TTAAGACATGGC	26	28	0.6666666666666666	14
chr5	176437125	-	1	TGTTGCTTGCGG	268	300	0.9469964664310954	14
chr5	179023618	+	1	AGTTTTCTGGCT	1	1	0.5	2
chr6	1646039	-	1	GCGTAAGGGCTT	35	36	0.9459459459459459	3
chr6	2281761	+	1	TTTATGTTCCCG	7	7	0.4666666666666667	3
chr6	3422070	-	1	GGCCTAAGAGCT	22	24	0.9166666666666666	3
chr6	6235605	+	1	CTAGTAGACTTT	147	167	0.9074074074074074	16
chr6	9362036	+	1	ATAATGTAGACG	40	41	0.9090909090909091	5
chr6	14749024	-	1	TTGGCCCCCGCA	76	85	0.9620253164556962	4
chr6	15573499	-	1	ACACCGCGTGTA	20	20	0.8333333333333334	5
chr6	17762075	+	1	TCTATGCTATTC	54	65	0.8181818181818182	13
chr6	18941870	+	1	AACAGGGTGAGT	218	245	0.9121338912133892	22
chr6	21961361	-	1	TAGTAATGTATG	89	98	0.8240740740740741	20
chr6	21974252	-	1	AAAATGAATTCC	137	151	0.9448275862068966	8
chr6	22614679	-	1	GATACTCTCTGG	89	103	0.9081632653061225	10
chr6	25473177	+	1	TAGATTGGTCTG	160	171	0.5095541401273885	8
chr6	25825596	+	1	AATTGAAATGCC	289	307	0.9292604501607717	23
chr6	26028020	-	1	CGAAGTTAAAGC	46	51	0.8363636363636363	10
chr6	37728832	+	1	GTTGTACAGGGC	46	49	0.8363636363636363	9
chr6	37903934	+	1	CGTACTTTTATG	34	39	0.8947368421052632	5
chr6	38515260	-	1	TAACACTCATTA	6	6	1	1
chr6	42572558	+	2	AGCCTAACTGTC	92	105	0.92	9
chr6	43336629	+	1	CGGAAGTATGAG	37	41	0.9736842105263158	2
chr6	44961730	+	1	GTTAGACGCTAG	3	3	1	1
chr6	45251658	-	1	CTGCAGTGTCTG	208	226	0.9454545454545454	13
chr6	45335489	-	1	CTCCAATATCTC	136	163	0.9444444444444444	9
chr6	45911658	+	2	ATCCACGTTGGT	52	61	0.8125	12
chr6	50654857	+	1	ACGCCCTTACCT	97	105	0.9238095238095239	9
chr6	52995520	+	1	TATCTTCGTTTT	32	32	0.8421052631578947	7
chr6	53823302	-	1	TTACCTTATAAA	16	16	1	1
chr6	56371011	-	1	GCACTGGACCAG	11	13	0.7857142857142857	3
chr6	56991472	+	3	GAACGTGAGTAT	82	95	0.845360824742268	14
chr6	63284919	+	1	CGTCAATACAAT	46	50	0.9787234042553191	2
chr6	65397644	+	1	GTGAGAGAACAG	81	98	0.8617021276595744	14
chr6	65794395	+	1	GGACCACCGGGT	4	4	0.6666666666666666	3
chr6	73455875	-	1	GTAACCCAAATA	332	369	0.9378531073446328	23
chr6	74594633	-	1	CTATGGCGGCTG	21	22	0.9545454545454546	2
chr6	82902812	+	1	ACTTTTTCGTGG	57	62	1	1
chr6	83106925	+	3	AATAATGCTCCA	45	49	0.8490566037735849	8
chr6	87168166	+	2	ACTGCTCCAGCG	11	12	0.8461538461538461	2
chr6	87686441	-	1	ACGTCACTGAAG	42	47	0.9545454545454546	3
chr6	88629473	+	1	AATTGCTCACAA	3	3	1	1
chr6	90554350	-	1	ACAGTATGTAAC	12	13	0.9230769230769231	2
chr6	91331269	+	1	GAACACCAAACC	2	2	0.6666666666666666	2
chr6	92698522	+	1	AGCTGCTCGGGG	113	120	0.9416666666666667	8
chr6	94268649	+	1	CGATATAGTTCT	37	44	0.9487179487179487	3
chr6	94507563	+	1	CATATTTGTTTC	73	79	0.9240506329113924	6
chr6	95603381	-	1	GTGTGACACGTC	42	45	0.8936170212765957	6
chr6	97053772	-	1	ATGGTTATATTG	82	89	0.9425287356321839	6
chr6	97498243	+	2	GTGATAGCCGGG	46	52	0.9387755102040817	4
chr6	98927232	-	1	AGTATGCACATT	55	59	0.9482758620689655	4
chr6	99041142	-	1	TCCTGAATCAGT	100	113	0.9433962264150944	7
chr6	99231719	+	1	TCAGATGTGTAT	155	173	0.9281437125748503	13
chr6	99771130	-	1	GAATTAACGCTA	47	54	0.9038461538461539	6
chr6	101627453	-	1	TTGGTGTGTTGC	62	71	0.9117647058823529	7
chr6	102518225	-	1	CTTCGGAGAGAA	29	30	0.5686274509803921	7
chr6	102529442	+	1	TAATTACCTATC	1	1	1	1
chr6	105345057	+	1	TTTATTCTGGGG	8	9	0.7272727272727273	4
chr6	106088106	+	2	AGGGGCACTATA	24	25	0.8275862068965517	6
chr6	106109803	+	1	AGAACAACCCTC	13	14	0.9285714285714286	2
chr6	106244504	-	1	TTGTTCGTCTTA	6	7	0.75	3
chr6	106784103	-	1	TAGGAACGCAGT	32	34	0.8421052631578947	7
chr6	110152848	-	1	TAGGGCGGTCGA	55	68	0.873015873015873	8
chr6	111503956	-	1	GGTGCTCCTATA	87	103	0.925531914893617	8
chr6	111567726	+	1	TATTTGGCACAC	62	69	0.9393939393939394	5
chr6	113603956	+	2	ACTGAAGAATAA	11	12	0.7857142857142857	4
chr6	116079335	+	1	GGATCGGAGAGG	75	91	0.9146341463414634	7
chr6	116111201	-	1	ATAAGATTAATT	75	86	0.9259259259259259	6
chr6	116530289	-	1	GGTCAGGACCTG	38	45	0.926829268292683	4
chr6	119619668	-	1	ATACTGCCCTGG	83	93	0.9120879120879121	8
chr6	122063664	+	1	TCAGTCGTGTCC	194	226	0.941747572815534	13
chr6	122115449	-	1	CGTTGGTTGATT	17	19	0.8095238095238095	5
chr6	122410225	+	1	CAAGGCTGTTGG	271	290	0.9442508710801394	17
chr6	123393602	-	1	GCTTTTTACGTC	87	104	0.90625	10
chr6	128717444	-	1	TTGCACCCATTG	14	16	0.7368421052631579	6
chr6	131135024	+	1	AATCTTGCATTA	49	51	0.9245283018867925	5
chr6	131593599	-	1	ATCCGGTCCAGA	64	72	0.9696969696969697	3
chr6	132241491	-	1	ATTCATGAGACC	35	42	0.9210526315789473	4
chr6	133358538	+	2	TGAGATGTAATT	298	331	0.9371069182389937	18
chr6	134287457	-	1	GCAATCTTTCAT	189	207	0.875	27
chr6	136327498	+	2	GTCCTATCAACA	40	45	0.9302325581395349	3
chr6	137840083	+	1	ATTTATGAAATG	131	144	0.9424460431654677	9
chr6	140537555	-	1	GGCGCTTCCATC	49	57	0.9423076923076923	4
chr6	141854096	+	1	TTAGCATGTGAG	63	75	0.8873239436619719	9
chr6	144585000	+	2	TGTTTGAATGAA	436	492	0.9276595744680851	31
chr6	144646326	+	3	GACTGACAAATC	335	393	0.8957219251336899	39
chr6	144729896	-	1	CTGCGTCCCTTG	5	6	1	1
chr6	146785650	+	1	CAACTACTTCAA	28	32	0.9655172413793104	2
chr6	147310449	+	1	GAGGTTTATATG	100	109	0.8849557522123894	14
chr6	148115953	-	1	GAGCCTCGTGGA	63	70	0.9	8
chr6	150775955	-	1	ATTGACTACTCC	81	90	0.9204545454545454	8
chr6	152736350	+	1	CTCGTCCTGAGT	131	143	0.9492753623188406	8
chr6	155530392	-	1	TTTTTCGTTGTA	376	446	0.9423558897243107	24
chr6	156943394	+	1	TAGCCCGTGTTA	32	34	0.9696969696969697	2
chr6	157422431	-	1	GCCTTAAACAAC	60	65	0.8823529411764706	8
chr6	157843796	-	1	GTGCTAATAGGT	7	7	0.7	4
chr6	157899192	-	1	CTACGTAGGAGG	36	43	0.8780487804878049	6
chr6	161587309	+	1	ACAATAAAACGA	28	33	1	1
chr6	162825072	-	1	CTCTTGGGACGT	9	10	1	1
chr6	163418565	+	1	GTGTCCAAGTAT	5	5	1	1
chr6	164870604	-	2	TACGGCAATGTC	216	248	0.9473684210526315	13
chr6	165415569	-	1	CTCACTGCGTAC	105	114	0.9130434782608695	11
chr6	165465913	+	1	CCCGGCAGGCCA	43	53	0.9772727272727273	2
chr6	167927803	-	1	CCATTAATCGGG	55	57	0.9482758620689655	4
chr6	168550861	-	1	GTACCTGGTTCT	36	41	0.9	5
chr6	169335545	-	1	GGTTAGCAAAGG	12	13	1	1
chr7	8362109	+	2	GTTTGATGGCGG	224	248	0.8995983935742972	24
chr7	9492226	-	1	AATGTCAGTGGT	112	122	0.9411764705882353	8
chr7	9578575	-	1	CAGAACTTGGAG	2	2	1	1
chr7	10188262	-	1	AATTCTCCATAC	80	90	0.9090909090909091	9
chr7	10789266	+	1	ATATGAAATCAA	35	43	0.8536585365853658	7
chr7	11777308	+	1	GGCGACTGATAC	35	39	0.9459459459459459	3
chr7	11846570	-	1	CCTGCATGTGAT	356	391	0.9270833333333334	29
chr7	11864517	+	2	ACTAGAAATAAA	159	182	0.9244186046511628	14
chr7	12915510	+	1	CAGTCTATGTAG	41	46	0.8541666666666666	8
chr7	12969286	-	1	ATTTGCTGAATG	61	64	0.953125	4
chr7	13145332	-	1	TGCTCTATTGCA	101	111	0.9351851851851852	8
chr7	13973652	-	1	ATGGTTATGTCA	91	97	0.91	10
chr7	15175180	-	1	GTATGTGTAGAT	1	1	1	1
chr7	15377553	+	1	GGGTAGGCGGGT	12	14	1	1
chr7	15725194	-	1	GCTGTGTTGCTC	113	128	0.904	13
chr7	18360577	+	3	TTCACAAGTAGG	202	234	0.9483568075117371	11
chr7	24197349	-	1	CTATCGAAGGAT	128	140	0.9343065693430657	10
chr7	24915351	+	1	GCTTGCGATGTA	27	28	0.9310344827586207	3
chr7	26407462	+	1	ACAAGTAGAAGG	9	10	0.8181818181818182	3
chr7	27158983	-	1	ATAGTGATTAAT	14	15	0.7	7
chr7	27355333	-	1	TAATGTGCGCGC	124	143	0.9051094890510949	14
chr7	27582270	-	2	TACGCCGGTTAC	113	127	0.8625954198473282	19
chr7	28117899	-	1	TATATGGTCCGT	46	55	0.8214285714285714	11
chr7	28890545	-	1	CTGGAGCGCGTG	13	14	0.9285714285714286	2
chr7	30321649	+	1	TAGTCTCTCATC	130	147	0.935251798561151	10
chr7	30597133	+	1	GTTGATGGGGTT	15	18	1	1
chr7	35734226	+	1	GTACTTTTCTTC	103	114	0.9196428571428571	10
chr7	37148638	-	1	TGTGGCGAGATA	44	46	0.9361702127659575	4
chr7	37259974	-	1	CTTTTTGTTTGA	22	27	0.9166666666666666	3
chr7	37944797	+	1	CAGTTAGGCATT	45	53	0.9375	4
chr7	38213349	-	1	TGAGGGTTACCA	57	66	0.9661016949152542	3
chr7	44491576	-	1	CTCCTTAGCGAT	173	188	0.9105263157894737	16
chr7	51176773	-	1	AGATGTGACGGG	13	15	0.8666666666666667	3
chr7	52659792	-	1	CTAGACACGATG	149	167	0.9551282051282052	8
chr7	54765532	-	1	CATCATTATTTA	1	1	0.5	2
chr7	56111395	+	3	TTTACGTAATTG	72	85	0.7741935483870968	18
chr7	66580274	+	2	TACAGTCGTGGT	29	33	0.8055555555555556	8
chr7	70210013	-	1	TGAGTGTCTTCA	17	21	0.9444444444444444	2
chr7	72812792	-	1	GTGCCTAGTCAC	37	37	0.8409090909090909	6
chr7	72826682	-	1	ATCGTGTTCCAT	120	139	0.9448818897637795	7
chr7	76573857	+	1	ATGGATGGGTAG	31	36	0.6888888888888889	15
chr7	78570078	+	1	GGTGGGGTAAAT	70	77	0.9333333333333333	6
chr7	79249938	-	2	TAAACCCCACTG	471	558	0.9363817097415507	30
chr7	79385072	+	2	GTACGGTTTTTC	187	220	0.9303482587064676	15
chr7	80661240	-	1	CGGACTGGGCGC	126	155	0.9333333333333333	10
chr7	81111874	-	3	CGAGGCTCAGGT	167	197	0.943502824858757	11
chr7	81297501	+	1	TGACCATTTTAT	33	39	0.8461538461538461	6
chr7	83853452	-	2	TCTCTTCTGTGA	136	163	0.8947368421052632	17
chr7	84121205	-	2	GGTATCCAGACA	223	257	0.8168498168498168	23
chr7	84810019	+	1	TGTTCTCGGGGA	116	131	0.9586776859504132	6
chr7	84926743	-	1	TAACCAGCACGC	1	1	1	1
chr7	89672496	-	1	CAGGGTAAGGGA	8	8	0.7272727272727273	4
chr7	90805230	-	1	TGATTGCGGGCA	29	33	0.9354838709677419	3
chr7	91038929	-	1	GATGAAATTCGC	65	73	0.9420289855072463	5
chr7	91780494	-	1	CCTGACGGGAAG	51	58	0.9107142857142857	6
chr7	95081139	-	2	CGGGAGTGTAAC	169	206	0.9388888888888889	12
chr7	95414019	-	2	CGTTTTACCTTT	173	196	0.9505494505494505	10
chr7	96179976	+	1	GTCTAGGAGGCA	51	55	0.864406779661017	9
chr7	97489458	-	1	GGCTATGAGCTG	127	135	0.9338235294117647	10
chr7	100706619	-	1	CTAGATGACGAT	15	17	0.7894736842105263	5
chr7	101800271	+	1	GCGAGTCAACAT	3	3	1	1
chr7	102869229	+	5	TGGCTCATTTAC	221	251	0.9094650205761317	22
chr7	104979354	-	1	GAAACTTGGGAG	18	20	0.9	3
chr7	105598158	-	1	TGGTGCTCAGCT	126	144	0.9197080291970803	11
chr7	105737728	+	1	TCCTAATCAGTG	38	42	0.926829268292683	4
chr7	108484922	-	2	TAGATCGATTGC	117	138	0.5625	16
chr7	109218702	-	1	GTAGCTAAATAG	200	227	0.9478672985781991	12
chr7	109786960	+	1	AATAGTTCATTA	10	10	0.9090909090909091	2
chr7	109888275	+	1	GGAGCCACTGAA	111	129	0.940677966101695	8
chr7	111000976	-	1	AAGGCAAGGGAT	4	4	0.8	2
chr7	111138717	-	1	AAACGTTCTTGG	6	6	0.8571428571428571	2
chr7	112261953	+	1	TGTCTCTGGGTT	31	32	0.9117647058823529	4
chr7	112889068	+	1	TTTTAATATGGT	103	117	0.8583333333333333	18
chr7	113455784	+	1	CGTGCCTGCCGG	45	46	0.9375	4
chr7	115031751	+	1	TTACCTCTTGGC	113	136	0.9338842975206612	9
chr7	117201437	-	2	GTGAACCCGAAT	58	66	0.5420560747663551	11
chr7	117205053	-	2	TGCAGTTATCAG	2	2	0.5	3
chr7	117671936	+	3	TTAATGTATGGA	85	97	0.9659090909090909	4
chr7	117909509	+	1	ATTGCTAATATT	41	47	0.9318181818181818	4
chr7	118459707	+	1	AGAAGCCGTCTA	89	100	0.8725490196078431	14
chr7	120092717	-	1	AAAAGTGGGTAC	53	60	0.9298245614035088	5
chr7	120499198	-	1	AAAGTACGGTTA	120	133	0.9230769230769231	11
chr7	122629043	+	1	GATGCAATTCAC	13	15	0.9285714285714286	2
chr7	124829742	-	1	ACGTGTGCGTGG	138	147	0.7419354838709677	16
chr7	127191372	-	1	CCCAGAGGGTTC	107	128	0.963963963963964	5
chr7	127437703	+	1	TGATGGAGGCTG	32	34	0.9142857142857143	4
chr7	127904376	-	1	ACTACTGACTTC	189	193	0.5675675675675675	12
chr7	130135134	+	1	ATAAGGGTGAGA	76	84	0.8735632183908046	12
chr7	131435518	+	7	ATCGAAAACGAA	763	880	0.9293544457978076	58
chr7	134741880	-	1	AAGAATGGTTGT	78	83	0.5693430656934306	9
chr7	136457231	-	2	GAGTTGGACAGC	29	33	0.8529411764705882	6
chr7	142332904	+	1	TACTCTCGTCTT	11	12	1	1
chr7	147293813	-	2	AACTAGTAATAT	433	488	0.9252136752136753	34
chr7	148473623	-	2	TTGCCCTCTCGG	10	12	0.9090909090909091	2
chr7	150697116	+	1	ATAGCGGCTCTG	10	10	1	1
chr7	154756644	+	1	TTTGAGTGATAG	14	14	1	1
chr7	154918338	+	1	CACCACTGTGGG	21	25	0.9545454545454546	2
chr7	155694416	-	1	GAGTGGCGATTG	32	33	0.7804878048780488	10
chr7	155764875	+	1	AGTACAATCTGC	39	42	0.8666666666666667	7
chr8	1263560	-	1	GATATTGCCGGA	17	21	0.85	4
chr8	2993714	+	1	ACGGAGGAGCGT	60	70	0.9230769230769231	5
chr8	16145558	+	1	CCTAAGGTCGTG	24	26	1	1
chr8	23765990	+	1	CTACGCTATAGG	15	16	0.7894736842105263	5
chr8	25816427	-	1	TAGGTGGTTGTC	2	2	1	1
chr8	27163358	+	1	TCATATCGACGG	38	39	0.9047619047619048	5
chr8	27820093	-	1	TTAAGAGCATTA	95	106	0.9405940594059405	6
chr8	27960874	-	1	TTCTTGCTGTTC	60	70	0.8450704225352113	12
chr8	28876941	+	1	GGTAACTGTGAT	112	123	0.9180327868852459	11
chr8	30526333	-	1	GTGTGTCCGCCG	53	60	0.9464285714285714	4
chr8	30806888	-	1	TCAAACAATGGT	190	208	0.9359605911330049	13
chr8	32072697	-	1	AGGAAATAAGTA	23	24	0.92	3
chr8	32849127	+	2	AGCGGCGACAGG	173	194	0.9351351351351351	13
chr8	33103572	+	1	ATCGTAGGATGG	41	45	0.47126436781609193	10
chr8	37850222	-	1	ACCTACAAATAG	29	31	0.8787878787878788	5
chr8	39330321	-	1	TTTCAGCTAAAG	49	57	0.8305084745762712	11
chr8	40342850	+	1	GTGTGTGTAGTG	30	32	0.8823529411764706	5
chr8	42596709	+	1	CAGCACAGGGCG	4	4	1	1
chr8	49954232	-	1	ACTGTCAACCAG	33	36	0.9705882352941176	2
chr8	50427698	-	1	TGCCGGAAAACC	62	65	0.9393939393939394	5
chr8	51618876	-	1	GTCCTCACCCTA	4	4	1	1
chr8	52221587	-	1	CTACTGTTGGAA	40	44	0.9523809523809523	3
chr8	55774098	-	1	AATTAGACAGCG	70	80	0.5147058823529411	15
chr8	56328051	+	2	CCCAATCACTGC	86	97	0.9148936170212766	9
chr8	56641836	-	1	TAATAAGTGACT	35	38	0.9210526315789473	4
chr8	57054117	-	1	CGGAGTAGCGAC	41	47	0.9761904761904762	2
chr8	58145985	-	1	AGTCTTTAATAA	1	1	1	1
chr8	58434266	-	1	GTACGACTGGAT	83	95	0.9222222222222223	8
chr8	58947235	-	1	ATGGGTAGATTG	40	46	0.8888888888888888	6
chr8	59350476	-	1	CGGACAGATCCG	106	129	0.9298245614035088	9
chr8	59449852	-	1	CTTGTTTTAAAG	13	16	1	1
chr8	59724750	+	1	TATAACACTGTT	113	113	0.904	13
chr8	59958919	-	1	TGATTGGCCGCA	114	120	0.9047619047619048	13
chr8	60057644	+	1	GCACCTGCAGGG	9	10	0.9	2
chr8	61025857	+	1	AACAGTCTAGCG	68	81	1	1
chr8	61209180	+	1	GAGTGATCATGT	178	196	0.898989898989899	21
chr8	67710367	+	1	AACAGCCTGTCG	28	31	0.9655172413793104	2
chr8	68657814	+	4	GATTTTGAGGTC	294	337	0.9158878504672897	27
chr8	69175443	+	1	TATGCCATGTGT	38	46	0.8636363636363636	7
chr8	69853907	-	1	GTGACTAAGTAT	124	135	0.8671328671328671	20
chr8	70107104	+	3	GGTTTAAGGAGC	46	52	0.7301587301587301	7
chr8	71716143	+	1	AGAAAGGGTCCG	25	28	0.9259259259259259	3
chr8	72858393	-	1	TGGGATCCGAGG	25	29	0.9259259259259259	3
chr8	74247092	-	1	TTGGCTAGTAAG	93	109	0.8773584905660378	14
chr8	75004294	-	1	ACACACCTCTGT	16	18	0.8888888888888888	3
chr8	75546934	+	2	TGGCTGCCCTCC	131	157	0.916083916083916	13
chr8	80397349	+	3	CACGGGCACGAA	41	48	0.8913043478260869	5
chr8	80447422	+	1	GTTCAACAGAAG	80	90	0.9523809523809523	5
chr8	81801347	-	1	CTTGGCCGGCGC	108	122	0.8925619834710744	14
chr8	84352152	-	1	TGGTCCTTAAGG	13	13	1	1
chr8	84862482	-	1	GAACCGGCGTCA	46	51	0.9019607843137255	6
chr8	85574740	-	1	TTGTTTTTACAC	149	170	0.9254658385093167	13
chr8	86826478	+	1	TTTCAAATTCTG	19	21	1	1
chr8	87975904	+	2	CTTACGGCATGG	139	155	0.9084967320261438	13
chr8	90872169	+	1	GGCGTGATGGTT	21	23	0.6774193548387096	7
chr8	92094968	+	1	CTGGTGGGTTTC	67	69	0.8933333333333333	9
chr8	92272750	+	1	ATACCTAGGATT	15	17	0.8823529411764706	3
chr8	92565414	+	1	TTAGTTAAAGAG	16	17	0.7619047619047619	6
chr8	93919703	+	2	TAATGCTACGGG	17	18	0.68	9
chr8	94729108	+	1	GTGGGACTGGGA	59	69	0.8939393939393939	8
chr8	97315829	-	1	TCACCATGATTT	35	37	0.7954545454545454	9
chr8	99438107	-	1	AAATGTCCCACT	102	113	0.9444444444444444	7
chr8	101246175	-	1	ACGTCTACGGTG	91	104	0.8584905660377359	15
chr8	101735236	+	1	TTCTATCTCTAA	10	10	0.7142857142857143	5
chr8	107310765	+	1	CCATTTAGGGGC	2	2	1	1
chr8	107471754	+	1	CTAACCGTTTCA	34	35	0.9444444444444444	3
chr8	107607780	+	1	TAGGGTGGAAAA	51	55	0.8225806451612904	10
chr8	109294323	+	1	TCGCGGTTTGTA	81	89	0.9204545454545454	8
chr8	111652497	-	1	TAAACCCTCCTG	15	18	0.7894736842105263	5
chr8	111998577	-	1	CGTCCACTGGGT	178	204	0.9035532994923858	20
chr8	117783326	-	1	ATAGAGCCATTC	20	20	0.9090909090909091	3
chr8	119946448	+	2	CTGGATGTAATG	33	34	0.717391304347826	14
chr8	124817732	-	1	ACCTGAGTTAGG	51	53	0.9807692307692307	2
chr8	130337190	+	1	TGTTTAGTGCTT	114	117	0.9193548387096774	10
chr8	134552349	+	1	AGTTATTGAGTC	46	50	0.7666666666666667	9
chr8	134839441	+	1	CGACGCTCTTGG	72	80	0.9473684210526315	5
chr9	28692	+	1	ACAGCACTAGAC	8	8	0.5333333333333333	6
chr9	249035	+	1	ACTATTAGGTTC	78	86	0.8297872340425532	17
chr9	289178	-	1	GTTTCAATTTAT	7	8	0.7777777777777778	2
chr9	326314	-	1	CTCGGGCTGACT	75	84	0.8823529411764706	11
chr9	483059	-	1	GCTCCATGAGTG	17	17	0.8947368421052632	3
chr9	1485023	-	1	TAGTAAAGGCAG	208	236	0.9244444444444444	18
chr9	3253093	+	1	GTGACGCACTGG	45	56	0.9574468085106383	3
chr9	3759537	+	1	ATACGAGGTACG	9	9	0.9	2
chr9	4678773	-	1	AAAGATTCGACG	62	69	0.8985507246376812	8
chr9	4926365	-	1	TGGTACCTCGTA	192	215	0.964824120603015	8
chr9	4965459	+	3	AGGGTCTATGAG	126	137	0.9473684210526315	8
chr9	6327418	+	1	GATGCAAGTTCG	155	177	0.950920245398773	9
chr9	6448670	-	1	TCATCGCTGGTG	75	81	0.8928571428571429	10
chr9	6769239	+	2	GACGGTGCGATC	74	91	0.9487179487179487	5
chr9	6956227	-	1	AACCGGCCTAGA	96	104	0.9696969696969697	4
chr9	7211164	-	1	TCTGGTTTTCGA	14	16	1	1
chr9	8596422	-	1	TAATTGGTGTTT	96	109	0.9230769230769231	9
chr9	9774211	-	1	GCGTTTACATGC	80	88	0.8695652173913043	13
chr9	9860734	-	1	ATTGTAGTGGTT	107	114	0.8629032258064516	15
chr9	10060573	+	2	TTATACAACCCG	99	122	0.8918918918918919	13
chr9	13143306	+	1	ATATTTCTTCCA	19	21	0.8636363636363636	4
chr9	13608648	-	1	GGTATTGAGTAA	88	98	0.9361702127659575	7
chr9	13956629	-	1	AGCTCCACGTTT	115	124	0.9426229508196722	8
chr9	15868030	+	1	AATTCGTAGCGA	7	7	1	1
chr9	17245657	-	1	AACGCTAGATGG	9	9	1	1
chr9	20854524	+	1	AGTATTTATATC	246	267	0.9283018867924528	20
chr9	21041706	-	1	ATTTAGAGGTAA	114	125	0.912	12
chr9	24732008	+	1	CCTTATGTTCGC	70	77	0.9459459459459459	5
chr9	25387173	+	1	GTGTCCTGGGCA	53	64	0.9137931034482759	6
chr9	27122021	+	2	CTTGGTAAGTTG	39	41	0.8297872340425532	9
chr9	30545876	-	1	ATGCTTTTGTGT	90	96	0.9090909090909091	10
chr9	31100516	-	1	CGGGCGGTTTTA	41	47	1	1
chr9	31642671	+	1	CATAATCATATA	147	156	0.9735099337748344	5
chr9	32515928	-	1	TGTGATCAATAT	35	37	0.9210526315789473	4
chr9	32526318	+	2	TGTCCTTTCTCT	4	4	0.5	4
chr9	32623121	+	1	CTGGATAGCCGG	7	7	0.6363636363636364	5
chr9	33742602	+	1	CTTTCCTTCTGA	25	29	0.8620689655172413	5
chr9	34531405	+	1	TGGTTACTGGTT	65	74	0.9420289855072463	5
chr9	35511268	-	1	AGGTTTATTTAT	162	176	0.9152542372881356	15
chr9	37977215	-	1	TTTCAGTGGACA	16	17	0.8421052631578947	4
chr9	38925958	-	1	TTTCGTCGGGGG	73	82	0.5748031496062992	7
chr9	39625965	+	1	GAAAACTATCTC	25	28	0.6097560975609756	5
chr9	61854047	+	1	TGCCTCTCAGAG	26	30	0.5	6
chr9	64832789	-	2	TGAGTTTTGATA	51	60	0.53125	12
chr9	67061342	-	1	TTTACCCTTATA	77	89	0.8953488372093024	10
chr9	67726779	-	1	TGCCTCTCAGAG	22	26	0.4230769230769231	6
chr9	68584735	+	1	GCACGGATAACT	40	44	0.8888888888888888	5
chr9	68820622	+	1	GGGAGGGGGTCA	276	340	0.968421052631579	10
chr9	68907678	+	1	CGTAGGGCAATC	35	40	0.9722222222222222	2
chr9	70613135	-	1	ATCGTAGGATGG	38	43	0.4367816091954023	10
chr9	70894464	-	1	CCGGCGTCTCGA	206	245	0.911504424778761	20
chr9	70895251	-	1	GATCGTCATCCA	98	112	0.9333333333333333	8
chr9	71081816	+	1	CGCTGCATCGCG	26	29	0.8666666666666667	5
chr9	71857093	-	2	GATATGGTGCAT	37	42	0.9487179487179487	3
chr9	71954436	-	1	GTTGTACGTATG	28	30	0.9655172413793104	2
chr9	72675643	+	1	AGTAGAGCTCTA	94	112	0.9038461538461539	11
chr9	74935548	+	1	ATCTGGGTTAGT	44	48	0.8	11
chr9	75603322	-	1	GCACAGTCTAAT	13	15	0.8125	4
chr9	78628016	+	1	TGTGACTAGTTG	148	164	0.9024390243902439	17
chr9	91620450	+	4	TCTGGTGATGTC	47	51	0.7704918032786885	9
chr9	91828084	-	1	GTGTATACAGGT	60	62	0.9090909090909091	7
chr9	95867846	+	1	CCAAAGAAGCGC	82	98	0.9425287356321839	6
chr9	97169517	-	1	GACATCGGCTGC	5	6	1	1
chr9	100850678	+	1	ACACCGTCTGCA	112	138	0.9572649572649573	6
chr9	102785952	+	1	TGTGCCACAGGG	87	99	0.9560439560439561	5
chr9	104144960	+	1	AGGCAAACGTCT	109	117	0.8134328358208955	20
chr9	105910943	+	1	TTTCACACTTCA	365	412	0.9530026109660574	19
chr9	109005216	+	1	GAGCGTGCTTTT	19	23	0.8636363636363636	4
chr9	113877686	-	1	TACATCTATGTA	15	18	1	1
chr9	114663728	-	2	CTCGGGAGTTCG	225	277	0.9615384615384616	10
chr9	117368989	+	1	ATGCAATGCTTG	3	3	0.75	2
chr9	119446768	-	1	CCACGTTGTCGT	102	117	0.9357798165137615	8
chr9	122955513	-	1	GGGACGCTCTTA	65	74	0.9027777777777778	8
chr9	123175024	-	1	ACAAATGCCAAA	32	38	0.9411764705882353	3
chr9	124677098	-	1	AACATCCCGAAA	25	29	0.8928571428571429	4
chr9	125760331	-	1	ATGGATACTGTT	30	32	0.8823529411764706	5
chr9	126837760	+	2	ATTAAGTACATA	54	62	0.9310344827586207	5
chr9	131096074	+	2	GTACGGTGGACA	14	16	0.7368421052631579	6
chrX	9320582	+	2	TCGATAAGCTTT	41	47	0.8541666666666666	7
chrX	11649047	+	2	CAATGACTTATT	207	234	0.9324324324324325	16
chrX	12217888	+	1	TGGGTGTGCATG	73	86	0.9240506329113924	7
chrX	13691984	-	1	TTTGATTTTCAG	41	47	0.8913043478260869	6
chrX	16975908	-	1	CTTGCTAATAAA	20	21	0.9090909090909091	3
chrX	17588465	+	1	TTTATGCTGGTG	51	56	0.9272727272727272	5
chrX	19805194	-	1	ACGATTTCGGGG	119	139	0.937007874015748	9
chrX	25132382	-	1	TAGTAGTCGTCT	25	30	0.8928571428571429	4
chrX	25559025	+	2	TCATGCTGGTTA	106	123	0.8548387096774194	18
chrX	29107656	+	1	CAACCATAGTGC	117	128	0.8931297709923665	15
chrX	29622648	-	1	TAGATATATACT	157	168	0.9235294117647059	13
chrX	29664651	+	1	TTAGTGTTCTAA	61	66	0.9242424242424242	6
chrX	30128589	-	1	GCAATTGCGGAT	6	7	0.8571428571428571	2
chrX	31480264	-	1	ACAAGCGGTGTC	19	20	0.8636363636363636	4
chrX	37499275	+	1	TGGAGTAAGCAC	10	11	0.9090909090909091	2
chrX	40867350	+	1	TTAACGTACAAA	14	16	0.7777777777777778	5
chrX	41134276	-	1	CATTTTTGTATA	483	526	0.927063339731286	38
chrX	44311610	-	1	GCAAGTATTTGT	50	53	0.9803921568627451	2
chrX	45571489	-	1	ATAGGCTATATG	37	41	0.7872340425531915	11
chrX	45961786	+	1	GGGTCTTGCCTA	7	7	0.7	4
chrX	47236474	-	1	AGAGTCGGTCAG	42	47	0.875	7
chrX	47556088	-	1	ATTGTTGGGGTG	27	28	0.84375	6
chrX	50868731	-	1	CTAACGCTTAAT	5	6	0.625	4
chrX	50969183	-	1	ACTGAGTGATAG	40	40	0.7407407407407407	12
chrX	51863459	-	1	TGCTCGTGATCA	2	2	0.5	3
chrX	63515613	-	1	TGTTATGGTTCC	94	106	0.94	7
chrX	68094501	-	1	CGGTGCTGTCCA	184	197	0.9633507853403142	8
chrX	69405883	+	1	TTACTACTGGCC	181	199	0.9526315789473684	10
chrX	75047877	-	1	CGTGGATCAGTA	6	6	1	1
chrX	80434185	-	1	CTATTTCGTGCG	86	101	0.9247311827956989	8
chrX	80741590	+	1	GGGGTTGTTCTG	107	117	0.9304347826086956	9
chrX	81954429	-	1	GCATATATAGGC	63	68	0.8873239436619719	9
chrX	83201298	-	1	AAGCTTGTACGT	26	27	0.896551724137931	4
chrX	85290195	+	1	TGTGAGATGCGA	13	13	1	1
chrX	85399459	+	2	TACCAAGGGTAC	295	358	0.9455128205128205	17
chrX	89708715	+	1	TGAAATATCAAC	172	179	0.9297297297297298	11
chrX	90920308	-	1	GAGCCTCTGTCT	115	133	0.9349593495934959	9
chrX	90952225	+	1	GGCCTGAATGGG	94	100	0.9591836734693877	5
chrX	94224008	+	1	GAGAAGGGAAGG	4	4	0.6666666666666666	3
chrX	95346466	-	1	CTCATGTTCGGT	46	52	0.8846153846153846	7
chrX	95911628	-	1	TGCGCGTTATCA	40	44	0.8888888888888888	5
chrX	96004667	-	1	TATTGCGTGTCA	41	46	0.9534883720930233	3
chrX	96095073	-	1	CCTGAGCGCAAG	9	10	0.9	2
chrX	96582950	+	1	GTCCTTCAAATC	36	39	0.9230769230769231	4
chrX	96831312	+	3	TATAGTTGTCAT	160	177	0.8648648648648649	16
chrX	96910160	-	1	GCGTTCGGATTC	55	61	0.8461538461538461	10
chrX	97539019	-	1	TATGCAGACTTT	119	126	0.9015151515151515	14
chrX	98947221	+	1	TTGGGCTGCTTG	40	43	1	1
chrX	108208457	-	1	TGACATTTGCGG	45	51	0.9782608695652174	2
chrX	110210772	-	1	GTCGGTGGTGAG	80	99	0.8791208791208791	12
chrX	110404787	+	1	ATTTAGGTATGC	71	77	0.9726027397260274	3
chrX	111182350	+	1	GTATAGGGCAGG	12	14	0.8571428571428571	3
chrX	113106463	-	1	GAGCGTATAGTG	25	28	0.8928571428571429	4
chrX	114594414	-	1	ATTGGTAGAGTG	61	68	0.9104477611940298	7
chrX	115583457	+	1	CGAACAAGGTTG	85	92	0.9340659340659341	7
chrX	116040841	-	1	AATGCCGAACAC	213	238	0.9551569506726457	11
chrX	120632500	-	1	CAGGATTCGGTT	241	272	0.9233716475095786	19
chrX	121421251	-	1	AACAACAGGGGT	29	31	0.8787878787878788	4
chrX	125562162	-	1	ATAGTACCTTTC	30	36	1	1
chrX	125780483	-	1	TGGTTTAGGTAT	59	66	0.6145833333333334	10
chrX	128237172	+	1	GTATCGGCGCTT	98	103	0.9333333333333333	8
chrX	130633445	-	1	ACCGGAGCGCAA	27	32	0.9642857142857143	2
chrX	133054912	-	1	CGTCCTGGGTAA	74	77	0.9135802469135802	8
chrX	134418685	+	1	CGACTGCGTGTG	52	64	0.9629629629629629	3
chrX	137969211	-	1	GGAAGGTTTCGC	2	2	0.6666666666666666	2
chrX	139894351	+	1	ACGCATTTAGTA	60	71	0.9375	5
chrX	142435833	-	2	GAGTCATCCGTA	45	54	0.9375	4
chrX	150395586	-	1	TAGGTCGCCTTC	91	96	0.900990099009901	10
chrX	150643413	-	1	TTATATATGCGC	146	165	0.9125	15
chrX	153427394	-	1	GTACTATCTCGA	31	35	0.9393939393939394	3
chrX	155368807	-	1	TGGTTGCAGCGA	136	152	0.6666666666666666	17
